Name,Type,Extensions,Reference,Source
"1C Enterprise","programming",".bsl .os","https://github.com/search?q=language%3A%221C%20Enterprise%22&type=repositories","linguist"
"2-Dimensional Array","data",".2da","https://github.com/search?q=language%3A%222-Dimensional%20Array%22&type=repositories","linguist"
"4D","programming",".4dm","https://github.com/search?q=language%3A%224D%22&type=repositories","linguist"
"ABAP","programming",".abap","https://community.sap.com/topics/abap","linguist"
"ABAP CDS","programming",".asddls","https://github.com/search?q=language%3A%22ABAP%20CDS%22&type=repositories","linguist"
"ABNF","data",".abnf","https://github.com/search?q=language%3A%22ABNF%22&type=repositories","linguist"
"ActionScript","programming",".as","https://github.com/search?q=language%3A%22ActionScript%22&type=repositories","linguist"
"Ada","programming",".adb .ada .ads","https://ada-lang.io","linguist"
"Adblock Filter List","data",".txt","https://github.com/search?q=language%3A%22Adblock%20Filter%20List%22&type=repositories","linguist"
"Adobe Font Metrics","data",".afm","https://github.com/search?q=language%3A%22Adobe%20Font%20Metrics%22&type=repositories","linguist"
"Agda","programming",".agda","https://wiki.portal.chalmers.se/agda/pmwiki.php","linguist"
"AGS Script","programming",".asc .ash","https://github.com/search?q=language%3A%22AGS%20Script%22&type=repositories","linguist"
"AIDL","programming",".aidl","https://github.com/search?q=language%3A%22AIDL%22&type=repositories","linguist"
"Aiken","programming",".ak","https://github.com/search?q=language%3A%22Aiken%22&type=repositories","linguist"
"AL","programming",".al","https://github.com/search?q=language%3A%22AL%22&type=repositories","linguist"
"Aleo","programming",".aleo","https://github.com/search?q=language%3A%22Aleo%22&type=repositories","linguist"
"ALGOL","programming",".alg","https://en.wikipedia.org/wiki/ALGOL","linguist"
"Alice","curated","","https://www.alice.org","curated"
"Alloy","programming",".als","https://github.com/search?q=language%3A%22Alloy%22&type=repositories","linguist"
"Alpine Abuild","programming","","https://github.com/search?q=language%3A%22Alpine%20Abuild%22&type=repositories","linguist"
"Altium Designer","data",".OutJob .PcbDoc .PrjPCB .SchDoc","https://github.com/search?q=language%3A%22Altium%20Designer%22&type=repositories","linguist"
"Amaranth HDL","curated","","https://amaranth-lang.org","curated"
"AMPL","programming",".ampl .mod","https://github.com/search?q=language%3A%22AMPL%22&type=repositories","linguist"
"AngelScript","programming",".as .angelscript","https://www.angelcode.com/angelscript/","linguist"
"Ansible YAML","curated","","https://docs.ansible.com","curated"
"Answer Set Programming","programming",".lp","https://github.com/search?q=language%3A%22Answer%20Set%20Programming%22&type=repositories","linguist"
"Ant Build System","data","","https://github.com/search?q=language%3A%22Ant%20Build%20System%22&type=repositories","linguist"
"Ante","curated","","https://antelang.org","curated"
"Antlers","markup",".antlers.html .antlers.php .antlers.xml","https://github.com/search?q=language%3A%22Antlers%22&type=repositories","linguist"
"ANTLR","programming",".g4","https://github.com/search?q=language%3A%22ANTLR%22&type=repositories","linguist"
"Apache Thrift","curated","","https://thrift.apache.org","curated"
"ApacheConf","data",".apacheconf .vhost","https://github.com/search?q=language%3A%22ApacheConf%22&type=repositories","linguist"
"Apex","programming",".cls .apex .trigger","https://developer.salesforce.com/docs/atlas.en-us.apexcode.meta/apexcode/","linguist"
"API Blueprint","markup",".apib","https://github.com/search?q=language%3A%22API%20Blueprint%22&type=repositories","linguist"
"APL","programming",".apl .dyalog","https://aplwiki.com","linguist"
"Apollo Guidance Computer","programming",".agc","https://github.com/search?q=language%3A%22Apollo%20Guidance%20Computer%22&type=repositories","linguist"
"AppleScript","programming",".applescript .scpt","https://developer.apple.com/library/archive/documentation/AppleScript/Conceptual/AppleScriptLangGuide/introduction/ASLR_intro.html","linguist"
"Arc","programming",".arc","https://github.com/search?q=language%3A%22Arc%22&type=repositories","linguist"
"Arduino (C++)","curated","","https://www.arduino.cc/reference/en/","curated"
"ArkTS","programming",".ets","https://github.com/search?q=language%3A%22ArkTS%22&type=repositories","linguist"
"ARM Assembly","curated","","https://developer.arm.com/documentation","curated"
"ArnoldC","curated","","https://lhartikk.github.io/ArnoldC/","curated"
"AsciiDoc","prose",".asciidoc .adoc .asc","https://asciidoc.org","linguist"
"ASL","programming",".asl .dsl","https://github.com/search?q=language%3A%22ASL%22&type=repositories","linguist"
"ASN.1","data",".asn .asn1","https://github.com/search?q=language%3A%22ASN.1%22&type=repositories","linguist"
"ASP.NET","programming",".asax .ascx .ashx .asmx .aspx .axd","https://github.com/search?q=language%3A%22ASP.NET%22&type=repositories","linguist"
"AspectJ","programming",".aj","https://github.com/search?q=language%3A%22AspectJ%22&type=repositories","linguist"
"Assembler IBM/360","curated","","https://en.wikipedia.org/wiki/IBM_Basic_assembly_language_and_successors","curated"
"Assembly","programming",".asm .a51 .i .inc .nas .nasm .s","https://github.com/search?q=language%3A%22Assembly%22&type=repositories","linguist"
"Assembly x86","curated","","https://en.wikipedia.org/wiki/X86_assembly_language","curated"
"AssemblyScript","curated","","https://www.assemblyscript.org","curated"
"Astro","markup",".astro","https://astro.build","linguist"
"Asymptote","programming",".asy","https://github.com/search?q=language%3A%22Asymptote%22&type=repositories","linguist"
"ATS","programming",".dats .hats .sats","https://github.com/search?q=language%3A%22ATS%22&type=repositories","linguist"
"Augeas","programming",".aug","https://github.com/search?q=language%3A%22Augeas%22&type=repositories","linguist"
"Austral","curated","","https://austral-lang.org","curated"
"AutoHotkey","programming",".ahk .ah1 .ah2 .ahkl","https://www.autohotkey.com","linguist"
"AutoIt","programming",".au3","https://www.autoitscript.com","linguist"
"Avro IDL","data",".avdl","https://github.com/search?q=language%3A%22Avro%20IDL%22&type=repositories","linguist"
"AWK","programming",".awk .auk .gawk .mawk .nawk","https://www.gnu.org/software/gawk/manual/","linguist"
"B","programming",".b","https://en.wikipedia.org/wiki/B_(programming_language)","linguist"
"B (Formal Method)","programming",".mch","https://github.com/search?q=language%3A%22B%20(Formal%20Method)%22&type=repositories","linguist"
"B4X","programming",".bas","https://github.com/search?q=language%3A%22B4X%22&type=repositories","linguist"
"Ballerina","programming",".bal","https://ballerina.io","linguist"
"BAML","programming",".baml","https://github.com/search?q=language%3A%22BAML%22&type=repositories","linguist"
"Bash","curated","","https://www.gnu.org/software/bash/","curated"
"BASIC","programming",".bas","https://en.wikipedia.org/wiki/BASIC","linguist"
"Batch","curated","","https://learn.microsoft.com/windows-server/administration/windows-commands/windows-commands","curated"
"Batchfile","programming",".bat .cmd","https://github.com/search?q=language%3A%22Batchfile%22&type=repositories","linguist"
"Bazel","curated","","https://bazel.build","curated"
"BBCode","markup",".bbcode","https://github.com/search?q=language%3A%22BBCode%22&type=repositories","linguist"
"BCPL","curated","","https://en.wikipedia.org/wiki/BCPL","curated"
"Beef","programming",".bf","https://www.beeflang.org","linguist"
"Befunge","programming",".befunge .bf","https://en.wikipedia.org/wiki/Befunge","linguist"
"Bend","curated","","https://higherorderco.com","curated"
"Berry","programming",".be","https://github.com/search?q=language%3A%22Berry%22&type=repositories","linguist"
"BibTeX","markup",".bib .bibtex","https://www.bibtex.org","linguist"
"BibTeX Style","programming",".bst","https://github.com/search?q=language%3A%22BibTeX%20Style%22&type=repositories","linguist"
"Bicep","programming",".bicep .bicepparam","https://learn.microsoft.com/azure/azure-resource-manager/bicep/","linguist"
"Bikeshed","markup",".bs","https://github.com/search?q=language%3A%22Bikeshed%22&type=repositories","linguist"
"BIRD2","data","","https://github.com/search?q=language%3A%22BIRD2%22&type=repositories","linguist"
"Bison","programming",".bison","https://github.com/search?q=language%3A%22Bison%22&type=repositories","linguist"
"BitBake","programming",".bb .bbappend .bbclass .inc","https://github.com/search?q=language%3A%22BitBake%22&type=repositories","linguist"
"Bitcoin Script","curated","","https://en.wikipedia.org/wiki/Bitcoin_Script","curated"
"Bitsy","curated","","https://bitsy.org","curated"
"Blade","markup",".blade .blade.php","https://laravel.com/docs/blade","linguist"
"BlitzBasic","programming",".bb .decls","https://github.com/search?q=language%3A%22BlitzBasic%22&type=repositories","linguist"
"BlitzMax","programming",".bmx","https://github.com/search?q=language%3A%22BlitzMax%22&type=repositories","linguist"
"Blockly","curated","","https://developers.google.com/blockly","curated"
"Blueprint","markup",".blp","https://github.com/search?q=language%3A%22Blueprint%22&type=repositories","linguist"
"Blueprints","curated","","https://dev.epicgames.com/documentation/unreal-engine/blueprints-visual-scripting-in-unreal-engine","curated"
"Bluespec","programming",".bsv","https://en.wikipedia.org/wiki/Bluespec,_Inc.","linguist"
"Bluespec BH","programming",".bs","https://github.com/search?q=language%3A%22Bluespec%20BH%22&type=repositories","linguist"
"Boo","programming",".boo","https://en.wikipedia.org/wiki/Boo_(programming_language)","linguist"
"Boogie","programming",".bpl","https://github.com/search?q=language%3A%22Boogie%22&type=repositories","linguist"
"BQN","programming",".bqn","https://mlochbaum.github.io/BQN/","linguist"
"Brainfuck","programming",".b .bf","https://en.wikipedia.org/wiki/Brainfuck","linguist"
"BrighterScript","programming",".bs","https://github.com/search?q=language%3A%22BrighterScript%22&type=repositories","linguist"
"Brightscript","programming",".brs","https://github.com/search?q=language%3A%22Brightscript%22&type=repositories","linguist"
"Browserslist","data","","https://github.com/search?q=language%3A%22Browserslist%22&type=repositories","linguist"
"Bru","markup",".bru","https://github.com/search?q=language%3A%22Bru%22&type=repositories","linguist"
"BuildStream","data",".bst","https://github.com/search?q=language%3A%22BuildStream%22&type=repositories","linguist"
"C","programming",".c .cats .h .h.in .idc","https://en.wikipedia.org/wiki/C_(programming_language)","linguist"
"C-ObjDump","data",".c-objdump","https://github.com/search?q=language%3A%22C-ObjDump%22&type=repositories","linguist"
"C#","programming",".cs .cake .cs.pp .csx .linq","https://learn.microsoft.com/dotnet/csharp/","linguist"
"C# (Unity)","curated","","https://docs.unity3d.com/Manual/ScriptingSection.html","curated"
"C++","programming",".cpp .c++ .cc .cp .cppm .cxx .h .h++","https://isocpp.org","linguist"
"C++ (Unreal)","curated","","https://dev.epicgames.com/documentation/unreal-engine/programming-with-cplusplus-in-unreal-engine","curated"
"C2hs Haskell","programming",".chs","https://github.com/search?q=language%3A%22C2hs%20Haskell%22&type=repositories","linguist"
"C3","programming",".c3","https://c3-lang.org","linguist"
"Cabal Config","data",".cabal","https://github.com/search?q=language%3A%22Cabal%20Config%22&type=repositories","linguist"
"Caddyfile","data",".caddyfile","https://caddyserver.com/docs/caddyfile","linguist"
"Cadence","programming",".cdc","https://github.com/search?q=language%3A%22Cadence%22&type=repositories","linguist"
"Cairo","programming",".cairo","https://www.cairo-lang.org","linguist"
"Cairo Zero","programming",".cairo","https://github.com/search?q=language%3A%22Cairo%20Zero%22&type=repositories","linguist"
"CameLIGO","programming",".mligo","https://github.com/search?q=language%3A%22CameLIGO%22&type=repositories","linguist"
"Cangjie","programming",".cj","https://github.com/search?q=language%3A%22Cangjie%22&type=repositories","linguist"
"CAP CDS","programming",".cds","https://github.com/search?q=language%3A%22CAP%20CDS%22&type=repositories","linguist"
"Cap'n Proto","programming",".capnp","https://capnproto.org","linguist"
"Carbon","programming",".carbon","https://github.com/carbon-language/carbon-lang","linguist"
"CartoCSS","programming",".mss","https://github.com/search?q=language%3A%22CartoCSS%22&type=repositories","linguist"
"Ceylon","programming",".ceylon","https://en.wikipedia.org/wiki/Ceylon_(programming_language)","linguist"
"Chapel","programming",".chpl","https://chapel-lang.org","linguist"
"Charity","programming",".ch","https://github.com/search?q=language%3A%22Charity%22&type=repositories","linguist"
"Checksums","data",".crc32 .md2 .md4 .md5 .sha1 .sha2 .sha224 .sha256","https://github.com/search?q=language%3A%22Checksums%22&type=repositories","linguist"
"Chef","curated","","https://en.wikipedia.org/wiki/Chef_(programming_language)","curated"
"Chef (Ruby)","curated","","https://www.chef.io","curated"
"Chisel","curated","","https://www.chisel-lang.org","curated"
"ChucK","programming",".ck","https://github.com/search?q=language%3A%22ChucK%22&type=repositories","linguist"
"CIL","data",".cil","https://github.com/search?q=language%3A%22CIL%22&type=repositories","linguist"
"Circom","programming",".circom","https://github.com/search?q=language%3A%22Circom%22&type=repositories","linguist"
"CircuitPython","curated","","https://circuitpython.org","curated"
"Cirru","programming",".cirru","https://github.com/search?q=language%3A%22Cirru%22&type=repositories","linguist"
"Civet","curated","","https://civet.dev","curated"
"Clarion","programming",".clw","https://github.com/search?q=language%3A%22Clarion%22&type=repositories","linguist"
"Clarity","programming",".clar","https://clarity-lang.org","linguist"
"Classic ASP","programming",".asp","https://github.com/search?q=language%3A%22Classic%20ASP%22&type=repositories","linguist"
"Clean","programming",".icl .dcl","https://en.wikipedia.org/wiki/Clean_(programming_language)","linguist"
"Click","programming",".click","https://github.com/search?q=language%3A%22Click%22&type=repositories","linguist"
"CLIPS","programming",".clp","https://github.com/search?q=language%3A%22CLIPS%22&type=repositories","linguist"
"Clojure","programming",".clj .bb .boot .cl2 .cljc .cljs .cljs.hl .cljscm","https://clojure.org","linguist"
"Closure Templates","markup",".soy","https://github.com/search?q=language%3A%22Closure%20Templates%22&type=repositories","linguist"
"Cloud Firestore Security Rules","data","","https://github.com/search?q=language%3A%22Cloud%20Firestore%20Security%20Rules%22&type=repositories","linguist"
"CloudFormation","curated","","https://aws.amazon.com/cloudformation/","curated"
"CLU","curated","","https://en.wikipedia.org/wiki/CLU_(programming_language)","curated"
"Clue","programming",".clue","https://github.com/search?q=language%3A%22Clue%22&type=repositories","linguist"
"CMake","programming",".cmake .cmake.in","https://cmake.org","linguist"
"COBOL","programming",".cob .cbl .ccp .cobol .cpy","https://en.wikipedia.org/wiki/COBOL","linguist"
"Cobra","curated","","https://en.wikipedia.org/wiki/Cobra_(programming_language)","curated"
"CODEOWNERS","data","","https://github.com/search?q=language%3A%22CODEOWNERS%22&type=repositories","linguist"
"CodeQL","programming",".ql .qll","https://github.com/search?q=language%3A%22CodeQL%22&type=repositories","linguist"
"CoffeeScript","programming",".coffee ._coffee .cake .cjsx .coffee.erb .iced","https://coffeescript.org","linguist"
"ColdFusion","programming",".cfm .cfml","https://github.com/search?q=language%3A%22ColdFusion%22&type=repositories","linguist"
"ColdFusion CFC","programming",".cfc","https://github.com/search?q=language%3A%22ColdFusion%20CFC%22&type=repositories","linguist"
"COLLADA","data",".dae","https://github.com/search?q=language%3A%22COLLADA%22&type=repositories","linguist"
"Common Lisp","programming",".lisp .asd .cl .l .lsp .ny .podsl .sexp","https://lisp-lang.org","linguist"
"Common Workflow Language","programming",".cwl","https://github.com/search?q=language%3A%22Common%20Workflow%20Language%22&type=repositories","linguist"
"Component Pascal","programming",".cp .cps","https://github.com/search?q=language%3A%22Component%20Pascal%22&type=repositories","linguist"
"CoNLL-U","data",".conllu .conll","https://github.com/search?q=language%3A%22CoNLL-U%22&type=repositories","linguist"
"Cooklang","markup",".cook","https://github.com/search?q=language%3A%22Cooklang%22&type=repositories","linguist"
"Cool","programming",".cl","https://github.com/search?q=language%3A%22Cool%22&type=repositories","linguist"
"Coq / Rocq","curated","","https://rocq-prover.org","curated"
"Cpp-ObjDump","data",".cppobjdump .c++-objdump .c++objdump .cpp-objdump .cxx-objdump","https://github.com/search?q=language%3A%22Cpp-ObjDump%22&type=repositories","linguist"
"CQL","programming",".cql","https://github.com/search?q=language%3A%22CQL%22&type=repositories","linguist"
"Creole","prose",".creole","https://github.com/search?q=language%3A%22Creole%22&type=repositories","linguist"
"crontab","data","","https://github.com/search?q=language%3A%22crontab%22&type=repositories","linguist"
"Crystal","programming",".cr","https://crystal-lang.org","linguist"
"CSON","data",".cson","https://github.com/search?q=language%3A%22CSON%22&type=repositories","linguist"
"Csound","programming",".orc .udo","https://github.com/search?q=language%3A%22Csound%22&type=repositories","linguist"
"Csound Document","programming",".csd","https://github.com/search?q=language%3A%22Csound%20Document%22&type=repositories","linguist"
"Csound Score","programming",".sco","https://github.com/search?q=language%3A%22Csound%20Score%22&type=repositories","linguist"
"CSS","markup",".css","https://developer.mozilla.org/docs/Web/CSS","linguist"
"CSV","data",".csv","https://github.com/search?q=language%3A%22CSV%22&type=repositories","linguist"
"CUDA","programming",".cu .cuh","https://developer.nvidia.com/cuda-toolkit","linguist"
"CUE","programming",".cue","https://cuelang.org","linguist"
"Cue Sheet","data",".cue","https://github.com/search?q=language%3A%22Cue%20Sheet%22&type=repositories","linguist"
"cURL Config","data","","https://github.com/search?q=language%3A%22cURL%20Config%22&type=repositories","linguist"
"Curry","programming",".curry","https://en.wikipedia.org/wiki/Curry_(programming_language)","linguist"
"CWeb","programming",".w","https://github.com/search?q=language%3A%22CWeb%22&type=repositories","linguist"
"Cyclone","curated","","https://en.wikipedia.org/wiki/Cyclone_(programming_language)","curated"
"Cycript","programming",".cy","https://github.com/search?q=language%3A%22Cycript%22&type=repositories","linguist"
"Cylc","data",".cylc","https://github.com/search?q=language%3A%22Cylc%22&type=repositories","linguist"
"Cypher","programming",".cyp .cypher","https://neo4j.com/docs/cypher-manual/current/","linguist"
"Cython","programming",".pyx .pxd .pxi","https://github.com/search?q=language%3A%22Cython%22&type=repositories","linguist"
"D","programming",".d .di","https://dlang.org","linguist"
"D-ObjDump","data",".d-objdump","https://github.com/search?q=language%3A%22D-ObjDump%22&type=repositories","linguist"
"D2","markup",".d2","https://github.com/search?q=language%3A%22D2%22&type=repositories","linguist"
"Dafny","programming",".dfy","https://dafny.org","linguist"
"Darcs Patch","data",".darcspatch .dpatch","https://github.com/search?q=language%3A%22Darcs%20Patch%22&type=repositories","linguist"
"Dart","programming",".dart","https://dart.dev","linguist"
"Dart / Flutter","curated","","https://flutter.dev","curated"
"Daslang","programming",".das","https://github.com/search?q=language%3A%22Daslang%22&type=repositories","linguist"
"Datalog","curated","","https://en.wikipedia.org/wiki/Datalog","curated"
"DataWeave","programming",".dwl","https://github.com/search?q=language%3A%22DataWeave%22&type=repositories","linguist"
"dBase / Clipper","curated","","https://en.wikipedia.org/wiki/DBase","curated"
"Debian Package Control File","data",".dsc","https://github.com/search?q=language%3A%22Debian%20Package%20Control%20File%22&type=repositories","linguist"
"Delphi","curated","","https://www.embarcadero.com/products/delphi","curated"
"DenizenScript","programming",".dsc","https://github.com/search?q=language%3A%22DenizenScript%22&type=repositories","linguist"
"desktop","data",".desktop .desktop.in","https://github.com/search?q=language%3A%22desktop%22&type=repositories","linguist"
"Dhall","programming",".dhall","https://dhall-lang.org","linguist"
"Diff","data",".diff .patch","https://github.com/search?q=language%3A%22Diff%22&type=repositories","linguist"
"DIGITAL Command Language","programming",".com","https://github.com/search?q=language%3A%22DIGITAL%20Command%20Language%22&type=repositories","linguist"
"dircolors","data",".dircolors","https://github.com/search?q=language%3A%22dircolors%22&type=repositories","linguist"
"DirectX 3D File","data",".x","https://github.com/search?q=language%3A%22DirectX%203D%20File%22&type=repositories","linguist"
"DM","programming",".dm","https://github.com/search?q=language%3A%22DM%22&type=repositories","linguist"
"DNS Zone","data",".zone .arpa","https://github.com/search?q=language%3A%22DNS%20Zone%22&type=repositories","linguist"
"DocBook","curated","","https://docbook.org","curated"
"Docker Compose","curated","","https://docs.docker.com/compose/","curated"
"Dockerfile","programming",".dockerfile .containerfile","https://docs.docker.com/reference/dockerfile/","linguist"
"Dogescript","programming",".djs","https://github.com/search?q=language%3A%22Dogescript%22&type=repositories","linguist"
"Dotenv","data",".env","https://github.com/search?q=language%3A%22Dotenv%22&type=repositories","linguist"
"DTrace","programming",".d","https://github.com/search?q=language%3A%22DTrace%22&type=repositories","linguist"
"Dune","programming","","https://github.com/search?q=language%3A%22Dune%22&type=repositories","linguist"
"Dylan","programming",".dylan .dyl .intr .lid","https://opendylan.org","linguist"
"E","programming",".e","https://github.com/search?q=language%3A%22E%22&type=repositories","linguist"
"E-mail","data",".eml .mbox","https://github.com/search?q=language%3A%22E-mail%22&type=repositories","linguist"
"Eagle","data",".sch .brd","https://github.com/search?q=language%3A%22Eagle%22&type=repositories","linguist"
"Earthly","programming","","https://github.com/search?q=language%3A%22Earthly%22&type=repositories","linguist"
"Easybuild","data",".eb","https://github.com/search?q=language%3A%22Easybuild%22&type=repositories","linguist"
"EBNF","data",".ebnf","https://github.com/search?q=language%3A%22EBNF%22&type=repositories","linguist"
"eC","programming",".ec .eh","https://github.com/search?q=language%3A%22eC%22&type=repositories","linguist"
"Ecere Projects","data",".epj","https://github.com/search?q=language%3A%22Ecere%20Projects%22&type=repositories","linguist"
"ECL","programming",".ecl .eclxml","https://github.com/search?q=language%3A%22ECL%22&type=repositories","linguist"
"ECLiPSe","programming",".ecl","https://github.com/search?q=language%3A%22ECLiPSe%22&type=repositories","linguist"
"Ecmarkup","markup",".html","https://github.com/search?q=language%3A%22Ecmarkup%22&type=repositories","linguist"
"Edge","markup",".edge","https://github.com/search?q=language%3A%22Edge%22&type=repositories","linguist"
"EdgeQL","programming",".edgeql .esdl","https://github.com/search?q=language%3A%22EdgeQL%22&type=repositories","linguist"
"EditorConfig","data",".editorconfig","https://github.com/search?q=language%3A%22EditorConfig%22&type=repositories","linguist"
"Edje Data Collection","data",".edc","https://github.com/search?q=language%3A%22Edje%20Data%20Collection%22&type=repositories","linguist"
"edn","data",".edn","https://github.com/search?q=language%3A%22edn%22&type=repositories","linguist"
"Eiffel","programming",".e","https://www.eiffel.org","linguist"
"EJS","markup",".ejs .ect .ejs.t .jst","https://ejs.co","linguist"
"Elasticsearch DSL","curated","","https://www.elastic.co/guide/en/elasticsearch/reference/current/query-dsl.html","curated"
"Electron (JS)","curated","","https://www.electronjs.org","curated"
"Elena","curated","","https://elena-lang.github.io","curated"
"Elixir","programming",".ex .exs","https://elixir-lang.org","linguist"
"Elm","programming",".elm","https://elm-lang.org","linguist"
"Elvish","programming",".elv","https://github.com/search?q=language%3A%22Elvish%22&type=repositories","linguist"
"Elvish Transcript","programming","","https://github.com/search?q=language%3A%22Elvish%20Transcript%22&type=repositories","linguist"
"Emacs Lisp","programming",".el .emacs .emacs.desktop","https://www.gnu.org/software/emacs/manual/elisp.html","linguist"
"Embedded Rust","curated","","https://www.rust-lang.org/what/embedded","curated"
"EmberScript","programming",".em .emberscript","https://github.com/search?q=language%3A%22EmberScript%22&type=repositories","linguist"
"Emojicode","curated","","https://www.emojicode.org","curated"
"EQ","programming",".eq","https://github.com/search?q=language%3A%22EQ%22&type=repositories","linguist"
"ERB","curated","","https://guides.rubyonrails.org/layouts_and_rendering.html","curated"
"Erlang","programming",".erl .app .app.src .es .escript .hrl .xrl .yrl","https://www.erlang.org","linguist"
"Euphoria","programming",".e .ex","https://github.com/search?q=language%3A%22Euphoria%22&type=repositories","linguist"
"Expect","curated","","https://en.wikipedia.org/wiki/Expect","curated"
"F*","programming",".fst .fsti","https://github.com/search?q=language%3A%22F*%22&type=repositories","linguist"
"F#","programming",".fs .fsi .fsx","https://fsharp.org","linguist"
"Factor","programming",".factor","https://factorcode.org","linguist"
"Falcon","curated","","https://en.wikipedia.org/wiki/Falcon_(programming_language)","curated"
"Fancy","programming",".fy .fancypack","https://github.com/search?q=language%3A%22Fancy%22&type=repositories","linguist"
"Fantom","programming",".fan","https://fantom.org","linguist"
"Faust","programming",".dsp","https://github.com/search?q=language%3A%22Faust%22&type=repositories","linguist"
"Fe","curated","","https://fe-lang.org","curated"
"Fennel","programming",".fnl","https://fennel-lang.org","linguist"
"FIGlet Font","data",".flf","https://github.com/search?q=language%3A%22FIGlet%20Font%22&type=repositories","linguist"
"Filebench WML","programming",".f","https://github.com/search?q=language%3A%22Filebench%20WML%22&type=repositories","linguist"
"Filterscript","programming",".fs","https://github.com/search?q=language%3A%22Filterscript%22&type=repositories","linguist"
"FIRRTL","programming",".fir","https://github.com/search?q=language%3A%22FIRRTL%22&type=repositories","linguist"
"Fish","programming",".fish","https://fishshell.com","linguist"
"FlatBuffers","data",".fbs","https://github.com/search?q=language%3A%22FlatBuffers%22&type=repositories","linguist"
"Flix","programming",".flix","https://github.com/search?q=language%3A%22Flix%22&type=repositories","linguist"
"Fluent","programming",".ftl","https://github.com/search?q=language%3A%22Fluent%22&type=repositories","linguist"
"FLUX","programming",".fx .flux","https://github.com/search?q=language%3A%22FLUX%22&type=repositories","linguist"
"Folders","curated","","https://esolangs.org/wiki/Folders","curated"
"Formatted","data",".for .eam.fs","https://github.com/search?q=language%3A%22Formatted%22&type=repositories","linguist"
"Forth","programming",".fth .4th .f .for .forth .fr .frt .fs","https://forth-standard.org","linguist"
"Fortran","programming",".f .f77 .for .fpp","https://fortran-lang.org","linguist"
"Fortran Free Form","programming",".f90 .f03 .f08 .f95","https://github.com/search?q=language%3A%22Fortran%20Free%20Form%22&type=repositories","linguist"
"FPP","programming",".fpp .fppi","https://github.com/search?q=language%3A%22FPP%22&type=repositories","linguist"
"FreeBASIC","programming",".bi .bas","https://github.com/search?q=language%3A%22FreeBASIC%22&type=repositories","linguist"
"FreeMarker","programming",".ftl .ftlh","https://github.com/search?q=language%3A%22FreeMarker%22&type=repositories","linguist"
"Frege","programming",".fr","https://github.com/Frege/frege","linguist"
"Futhark","programming",".fut","https://futhark-lang.org","linguist"
"G-code","programming",".g .cnc .gco .gcode","https://en.wikipedia.org/wiki/G-code","linguist"
"Game Maker Language","programming",".gml","https://github.com/search?q=language%3A%22Game%20Maker%20Language%22&type=repositories","linguist"
"GAML","programming",".gaml","https://github.com/search?q=language%3A%22GAML%22&type=repositories","linguist"
"GAMS","programming",".gms","https://github.com/search?q=language%3A%22GAMS%22&type=repositories","linguist"
"GAP","programming",".g .gap .gd .gi .tst","https://github.com/search?q=language%3A%22GAP%22&type=repositories","linguist"
"GAUSS","curated","","https://en.wikipedia.org/wiki/GAUSS_(software)","curated"
"GCC Machine Description","programming",".md","https://github.com/search?q=language%3A%22GCC%20Machine%20Description%22&type=repositories","linguist"
"GDB","programming",".gdb .gdbinit","https://github.com/search?q=language%3A%22GDB%22&type=repositories","linguist"
"GDScript","programming",".gd","https://docs.godotengine.org/en/stable/tutorials/scripting/gdscript/index.html","linguist"
"GDShader","programming",".gdshader .gdshaderinc","https://github.com/search?q=language%3A%22GDShader%22&type=repositories","linguist"
"GEDCOM","data",".ged","https://github.com/search?q=language%3A%22GEDCOM%22&type=repositories","linguist"
"Gemfile.lock","data","","https://github.com/search?q=language%3A%22Gemfile.lock%22&type=repositories","linguist"
"Gemini","prose",".gmi","https://github.com/search?q=language%3A%22Gemini%22&type=repositories","linguist"
"Genero 4gl","programming",".4gl","https://github.com/search?q=language%3A%22Genero%204gl%22&type=repositories","linguist"
"Genero per","markup",".per","https://github.com/search?q=language%3A%22Genero%20per%22&type=repositories","linguist"
"Genie","programming",".gs","https://en.wikipedia.org/wiki/Genie_(programming_language)","linguist"
"Genshi","programming",".kid","https://github.com/search?q=language%3A%22Genshi%22&type=repositories","linguist"
"Gentoo Ebuild","programming",".ebuild","https://github.com/search?q=language%3A%22Gentoo%20Ebuild%22&type=repositories","linguist"
"Gentoo Eclass","programming",".eclass","https://github.com/search?q=language%3A%22Gentoo%20Eclass%22&type=repositories","linguist"
"Gerber Image","data",".gbr .cmp .gbl .gbo .gbp .gbs .gko .gml","https://github.com/search?q=language%3A%22Gerber%20Image%22&type=repositories","linguist"
"Gettext Catalog","prose",".po .pot","https://github.com/search?q=language%3A%22Gettext%20Catalog%22&type=repositories","linguist"
"Gherkin","programming",".feature .story","https://github.com/search?q=language%3A%22Gherkin%22&type=repositories","linguist"
"Git Attributes","data","","https://github.com/search?q=language%3A%22Git%20Attributes%22&type=repositories","linguist"
"Git Commit","data","","https://github.com/search?q=language%3A%22Git%20Commit%22&type=repositories","linguist"
"Git Config","data",".gitconfig","https://github.com/search?q=language%3A%22Git%20Config%22&type=repositories","linguist"
"Git Revision List","data","","https://github.com/search?q=language%3A%22Git%20Revision%20List%22&type=repositories","linguist"
"GitHub Actions YAML","curated","","https://docs.github.com/actions","curated"
"Gleam","programming",".gleam","https://gleam.run","linguist"
"Glimmer JS","programming",".gjs","https://github.com/search?q=language%3A%22Glimmer%20JS%22&type=repositories","linguist"
"Glimmer TS","programming",".gts","https://github.com/search?q=language%3A%22Glimmer%20TS%22&type=repositories","linguist"
"GLSL","programming",".glsl .fp .frag .frg .fs .fsh .fshader .geo","https://www.khronos.org/opengl/wiki/OpenGL_Shading_Language","linguist"
"Glyph","programming",".glf","https://github.com/search?q=language%3A%22Glyph%22&type=repositories","linguist"
"Glyph Bitmap Distribution Format","data",".bdf","https://github.com/search?q=language%3A%22Glyph%20Bitmap%20Distribution%20Format%22&type=repositories","linguist"
"GML (GameMaker)","curated","","https://manual.gamemaker.io","curated"
"GN","data",".gn .gni","https://github.com/search?q=language%3A%22GN%22&type=repositories","linguist"
"Gno","programming",".gno","https://github.com/search?q=language%3A%22Gno%22&type=repositories","linguist"
"GNU Octave","curated","","https://octave.org","curated"
"Gnuplot","programming",".gp .gnu .gnuplot .p .plot .plt","https://github.com/search?q=language%3A%22Gnuplot%22&type=repositories","linguist"
"Go","programming",".go","https://go.dev","linguist"
"Go Checksums","data","","https://github.com/search?q=language%3A%22Go%20Checksums%22&type=repositories","linguist"
"Go Module","data","","https://github.com/search?q=language%3A%22Go%20Module%22&type=repositories","linguist"
"Go Template","markup",".gohtml .gotmpl .html.tmpl .tmpl .tpl","https://github.com/search?q=language%3A%22Go%20Template%22&type=repositories","linguist"
"Go templates","curated","","https://pkg.go.dev/text/template","curated"
"Go Workspace","data","","https://github.com/search?q=language%3A%22Go%20Workspace%22&type=repositories","linguist"
"Godot Resource","data",".gdnlib .gdns .tres .tscn","https://github.com/search?q=language%3A%22Godot%20Resource%22&type=repositories","linguist"
"Golo","programming",".golo","https://github.com/search?q=language%3A%22Golo%22&type=repositories","linguist"
"Gosu","programming",".gs .gst .gsx .vark","https://github.com/search?q=language%3A%22Gosu%22&type=repositories","linguist"
"Grace","programming",".grace","https://github.com/search?q=language%3A%22Grace%22&type=repositories","linguist"
"Gradle","data",".gradle","https://github.com/search?q=language%3A%22Gradle%22&type=repositories","linguist"
"Gradle DSL","curated","","https://gradle.org","curated"
"Gradle Kotlin DSL","data",".gradle.kts","https://github.com/search?q=language%3A%22Gradle%20Kotlin%20DSL%22&type=repositories","linguist"
"Grain","curated","","https://grain-lang.org","curated"
"Grammatical Framework","programming",".gf","https://github.com/search?q=language%3A%22Grammatical%20Framework%22&type=repositories","linguist"
"Graph Modeling Language","data",".gml","https://github.com/search?q=language%3A%22Graph%20Modeling%20Language%22&type=repositories","linguist"
"GraphQL","data",".graphql .gql .graphqls","https://graphql.org","linguist"
"Graphviz (DOT)","data",".dot .gv","https://github.com/search?q=language%3A%22Graphviz%20(DOT)%22&type=repositories","linguist"
"Graphviz DOT","curated","","https://graphviz.org/doc/info/lang.html","curated"
"Gremlin","curated","","https://tinkerpop.apache.org/gremlin.html","curated"
"Groovy","programming",".groovy .grt .gtpl .gvy","https://groovy-lang.org","linguist"
"Groovy (Jenkinsfile)","curated","","https://www.jenkins.io/doc/book/pipeline/syntax/","curated"
"Groovy Server Pages","programming",".gsp","https://github.com/search?q=language%3A%22Groovy%20Server%20Pages%22&type=repositories","linguist"
"GSC","programming",".gsc .csc .gsh","https://github.com/search?q=language%3A%22GSC%22&type=repositories","linguist"
"GtkRC","data",".gtkrc","https://github.com/search?q=language%3A%22GtkRC%22&type=repositories","linguist"
"Guile","curated","","https://www.gnu.org/software/guile/","curated"
"Hack","programming",".hack .hh .hhi .php","https://hacklang.org","linguist"
"Haml","markup",".haml .haml.deface","https://haml.info","linguist"
"Handlebars","markup",".handlebars .hbs","https://handlebarsjs.com","linguist"
"HAProxy","data",".cfg","https://github.com/search?q=language%3A%22HAProxy%22&type=repositories","linguist"
"Harbour","programming",".hb","https://github.com/search?q=language%3A%22Harbour%22&type=repositories","linguist"
"Hare","programming",".ha","https://harelang.org","linguist"
"Haskell","programming",".hs .hs-boot .hsc","https://www.haskell.org","linguist"
"Haxe","programming",".hx .hxsl","https://haxe.org","linguist"
"Haxe (HaxeFlixel)","curated","","https://haxeflixel.com","curated"
"HCL","programming",".hcl .nomad .tf .tfvars .tofu .workflow","https://github.com/search?q=language%3A%22HCL%22&type=repositories","linguist"
"HCL / Terraform","curated","","https://developer.hashicorp.com/terraform/language","curated"
"Hedy","curated","","https://www.hedy.org","curated"
"Helm","curated","","https://helm.sh","curated"
"HIP","programming",".hip","https://github.com/search?q=language%3A%22HIP%22&type=repositories","linguist"
"HiveQL","programming",".q .hql","https://hive.apache.org","linguist"
"HLSL","programming",".hlsl .cginc .fx .fxh .hlsli","https://learn.microsoft.com/windows/win32/direct3dhlsl/dx-graphics-hlsl","linguist"
"HOCON","data",".hocon","https://github.com/search?q=language%3A%22HOCON%22&type=repositories","linguist"
"HolyC","programming",".hc","https://github.com/search?q=language%3A%22HolyC%22&type=repositories","linguist"
"hoon","programming",".hoon","https://github.com/search?q=language%3A%22hoon%22&type=repositories","linguist"
"Hosts File","data","","https://github.com/search?q=language%3A%22Hosts%20File%22&type=repositories","linguist"
"HTML","markup",".html .hta .htm .html.hl .inc .xht .xhtml","https://developer.mozilla.org/docs/Web/HTML","linguist"
"HTML+ECR","markup",".ecr","https://github.com/search?q=language%3A%22HTML%2BECR%22&type=repositories","linguist"
"HTML+EEX","markup",".html.eex .heex .leex","https://github.com/search?q=language%3A%22HTML%2BEEX%22&type=repositories","linguist"
"HTML+ERB","markup",".erb .erb.deface .rhtml","https://github.com/search?q=language%3A%22HTML%2BERB%22&type=repositories","linguist"
"HTML+PHP","markup",".phtml","https://github.com/search?q=language%3A%22HTML%2BPHP%22&type=repositories","linguist"
"HTML+Razor","markup",".cshtml .razor","https://github.com/search?q=language%3A%22HTML%2BRazor%22&type=repositories","linguist"
"HTTP","data",".http","https://github.com/search?q=language%3A%22HTTP%22&type=repositories","linguist"
"Huff","curated","","https://huff.sh","curated"
"Hurl","programming",".hurl","https://github.com/search?q=language%3A%22Hurl%22&type=repositories","linguist"
"HXML","data",".hxml","https://github.com/search?q=language%3A%22HXML%22&type=repositories","linguist"
"Hy","programming",".hy","https://hylang.org","linguist"
"HyPhy","programming",".bf","https://github.com/search?q=language%3A%22HyPhy%22&type=repositories","linguist"
"iCalendar","data",".ics .ical","https://github.com/search?q=language%3A%22iCalendar%22&type=repositories","linguist"
"Icon","curated","","https://en.wikipedia.org/wiki/Icon_(programming_language)","curated"
"IDL","programming",".pro .dlm","https://en.wikipedia.org/wiki/IDL_(programming_language)","linguist"
"Idris","programming",".idr .lidr","https://www.idris-lang.org","linguist"
"Ignore List","data",".gitignore","https://github.com/search?q=language%3A%22Ignore%20List%22&type=repositories","linguist"
"IGOR Pro","programming",".ipf","https://github.com/search?q=language%3A%22IGOR%20Pro%22&type=repositories","linguist"
"IL Assembly","programming",".il","https://github.com/search?q=language%3A%22IL%20Assembly%22&type=repositories","linguist"
"ImageJ Macro","programming",".ijm","https://github.com/search?q=language%3A%22ImageJ%20Macro%22&type=repositories","linguist"
"Imba","programming",".imba","https://imba.io","linguist"
"ImHex Pattern Language","programming",".hexpat","https://github.com/search?q=language%3A%22ImHex%20Pattern%20Language%22&type=repositories","linguist"
"Inform 7","programming",".ni .i7x","https://github.com/search?q=language%3A%22Inform%207%22&type=repositories","linguist"
"INI","data",".ini .cfg .cnf .container .dof .frm .lektorproject .mount","https://en.wikipedia.org/wiki/INI_file","linguist"
"Ink","programming",".ink","https://github.com/search?q=language%3A%22Ink%22&type=repositories","linguist"
"Ink (narrative)","curated","","https://www.inklestudios.com/ink/","curated"
"ink!","curated","","https://use.ink","curated"
"Inko","curated","","https://inko-lang.org","curated"
"Inno Setup","programming",".iss .isl","https://github.com/search?q=language%3A%22Inno%20Setup%22&type=repositories","linguist"
"INTERCAL","curated","","https://en.wikipedia.org/wiki/INTERCAL","curated"
"Io","programming",".io","https://iolanguage.org","linguist"
"Ioke","programming",".ik","https://github.com/search?q=language%3A%22Ioke%22&type=repositories","linguist"
"IRC log","data",".irclog .weechatlog","https://github.com/search?q=language%3A%22IRC%20log%22&type=repositories","linguist"
"IronPython","curated","","https://ironpython.net","curated"
"Isabelle","programming",".thy","https://isabelle.in.tum.de","linguist"
"Isabelle ROOT","programming","","https://github.com/search?q=language%3A%22Isabelle%20ROOT%22&type=repositories","linguist"
"ISPC","programming",".ispc","https://github.com/search?q=language%3A%22ISPC%22&type=repositories","linguist"
"J","programming",".ijs","https://www.jsoftware.com","linguist"
"Jac","programming",".jac","https://github.com/search?q=language%3A%22Jac%22&type=repositories","linguist"
"Jai","programming",".jai","https://en.wikipedia.org/wiki/Jonathan_Blow","linguist"
"Janet","programming",".janet","https://janet-lang.org","linguist"
"JAR Manifest","data","","https://github.com/search?q=language%3A%22JAR%20Manifest%22&type=repositories","linguist"
"Jasmin","programming",".j","https://github.com/search?q=language%3A%22Jasmin%22&type=repositories","linguist"
"JASS","programming",".j","https://github.com/search?q=language%3A%22JASS%22&type=repositories","linguist"
"Java","programming",".java .jav .jsh","https://dev.java","linguist"
"Java Properties","data",".properties","https://github.com/search?q=language%3A%22Java%20Properties%22&type=repositories","linguist"
"Java Server Pages","programming",".jsp .tag","https://github.com/search?q=language%3A%22Java%20Server%20Pages%22&type=repositories","linguist"
"Java Template Engine","programming",".jte","https://github.com/search?q=language%3A%22Java%20Template%20Engine%22&type=repositories","linguist"
"JavaScript","programming",".js ._js .bones .cjs .es .es6 .frag .gs","https://developer.mozilla.org/docs/Web/JavaScript","linguist"
"JavaScript for Automation","curated","","https://en.wikipedia.org/wiki/JavaScript_for_Automation","curated"
"JavaScript+ERB","programming",".js.erb","https://github.com/search?q=language%3A%22JavaScript%2BERB%22&type=repositories","linguist"
"JCL","programming",".jcl","https://en.wikipedia.org/wiki/Job_Control_Language","linguist"
"Jest Snapshot","data",".snap","https://github.com/search?q=language%3A%22Jest%20Snapshot%22&type=repositories","linguist"
"JetBrains MPS","programming",".mps .mpl .msd","https://github.com/search?q=language%3A%22JetBrains%20MPS%22&type=repositories","linguist"
"JFlex","programming",".flex .jflex","https://github.com/search?q=language%3A%22JFlex%22&type=repositories","linguist"
"Jinja","markup",".jinja .j2 .jinja2","https://jinja.palletsprojects.com","linguist"
"Jison","programming",".jison","https://github.com/search?q=language%3A%22Jison%22&type=repositories","linguist"
"Jison Lex","programming",".jisonlex","https://github.com/search?q=language%3A%22Jison%20Lex%22&type=repositories","linguist"
"Jolie","programming",".ol .iol","https://github.com/search?q=language%3A%22Jolie%22&type=repositories","linguist"
"jq","programming",".jq","https://jqlang.github.io/jq/","linguist"
"JRuby","curated","","https://www.jruby.org","curated"
"JSON","data",".json .4DForm .4DProject .avsc .geojson .gltf .har .ice","https://www.json.org","linguist"
"JSON with Comments","data",".jsonc .code-snippets .code-workspace .hujson .sublime-build .sublime-color-scheme .sublime-commands .sublime-completions","https://github.com/search?q=language%3A%22JSON%20with%20Comments%22&type=repositories","linguist"
"JSON5","data",".json5","https://json5.org","linguist"
"JSONiq","programming",".jq","https://github.com/search?q=language%3A%22JSONiq%22&type=repositories","linguist"
"JSONLD","data",".jsonld","https://github.com/search?q=language%3A%22JSONLD%22&type=repositories","linguist"
"Jsonnet","programming",".jsonnet .libsonnet","https://jsonnet.org","linguist"
"JSX","curated","","https://react.dev/learn/writing-markup-with-jsx","curated"
"Julia","programming",".jl","https://julialang.org","linguist"
"Julia REPL","programming","","https://github.com/search?q=language%3A%22Julia%20REPL%22&type=repositories","linguist"
"Jupyter Notebook","markup",".ipynb","https://jupyter.org","linguist"
"Just","programming",".just","https://just.systems","linguist"
"Jython","curated","","https://www.jython.org","curated"
"K","curated","","https://en.wikipedia.org/wiki/K_(programming_language)","curated"
"Kaitai Struct","programming",".ksy","https://github.com/search?q=language%3A%22Kaitai%20Struct%22&type=repositories","linguist"
"KakouneScript","programming",".kak","https://github.com/search?q=language%3A%22KakouneScript%22&type=repositories","linguist"
"KCL","programming",".k","https://github.com/search?q=language%3A%22KCL%22&type=repositories","linguist"
"KDL","data",".kdl","https://github.com/search?q=language%3A%22KDL%22&type=repositories","linguist"
"KerboScript","programming",".ks","https://github.com/search?q=language%3A%22KerboScript%22&type=repositories","linguist"
"KFramework","programming",".k","https://github.com/search?q=language%3A%22KFramework%22&type=repositories","linguist"
"KiCad Layout","data",".kicad_pcb .kicad_mod .kicad_wks","https://github.com/search?q=language%3A%22KiCad%20Layout%22&type=repositories","linguist"
"KiCad Legacy Layout","data",".brd","https://github.com/search?q=language%3A%22KiCad%20Legacy%20Layout%22&type=repositories","linguist"
"KiCad Schematic","data",".kicad_sch .kicad_sym .sch","https://github.com/search?q=language%3A%22KiCad%20Schematic%22&type=repositories","linguist"
"Kickstart","data",".ks","https://github.com/search?q=language%3A%22Kickstart%22&type=repositories","linguist"
"Kit","markup",".kit","https://github.com/search?q=language%3A%22Kit%22&type=repositories","linguist"
"Kodu","curated","","https://en.wikipedia.org/wiki/Kodu_Game_Lab","curated"
"Koka","programming",".kk","https://koka-lang.github.io/koka/doc/index.html","linguist"
"KoLmafia ASH","programming",".ash","https://github.com/search?q=language%3A%22KoLmafia%20ASH%22&type=repositories","linguist"
"Kotlin","programming",".kt .ktm .kts","https://kotlinlang.org","linguist"
"Kotlin Multiplatform","curated","","https://kotlinlang.org/docs/multiplatform.html","curated"
"KQL","curated","","https://learn.microsoft.com/kusto/query/","curated"
"KRL","programming",".krl","https://github.com/search?q=language%3A%22KRL%22&type=repositories","linguist"
"Kubernetes YAML","curated","","https://kubernetes.io/docs/concepts/overview/working-with-objects/","curated"
"Kusto","data",".csl .kql","https://github.com/search?q=language%3A%22Kusto%22&type=repositories","linguist"
"kvlang","markup",".kv","https://github.com/search?q=language%3A%22kvlang%22&type=repositories","linguist"
"LabVIEW","programming",".lvproj .lvclass .lvlib","https://github.com/search?q=language%3A%22LabVIEW%22&type=repositories","linguist"
"LabVIEW G","curated","","https://www.ni.com/labview","curated"
"Ladder Logic","curated","","https://en.wikipedia.org/wiki/Ladder_logic","curated"
"Lambdapi","programming",".lp","https://github.com/search?q=language%3A%22Lambdapi%22&type=repositories","linguist"
"Langium","programming",".langium","https://github.com/search?q=language%3A%22Langium%22&type=repositories","linguist"
"Lark","data",".lark","https://github.com/search?q=language%3A%22Lark%22&type=repositories","linguist"
"Lasso","programming",".lasso .las .lasso8 .lasso9","https://github.com/search?q=language%3A%22Lasso%22&type=repositories","linguist"
"LaTeX","curated","","https://www.latex-project.org","curated"
"Latte","markup",".latte","https://github.com/search?q=language%3A%22Latte%22&type=repositories","linguist"
"Lean","programming",".lean .hlean","https://lean-lang.org","linguist"
"Lean 4","programming",".lean","https://github.com/search?q=language%3A%22Lean%204%22&type=repositories","linguist"
"Leo","programming",".leo","https://github.com/search?q=language%3A%22Leo%22&type=repositories","linguist"
"Less","markup",".less","https://lesscss.org","linguist"
"Lex","programming",".l .lex","https://github.com/search?q=language%3A%22Lex%22&type=repositories","linguist"
"LFE","programming",".lfe","https://lfe.io","linguist"
"LIGO","curated","","https://ligolang.org","curated"
"LigoLANG","programming",".ligo","https://github.com/search?q=language%3A%22LigoLANG%22&type=repositories","linguist"
"LilyPond","programming",".ly .ily","https://github.com/search?q=language%3A%22LilyPond%22&type=repositories","linguist"
"Limbo","programming",".b .m","https://github.com/search?q=language%3A%22Limbo%22&type=repositories","linguist"
"Linear Programming","programming",".lp","https://github.com/search?q=language%3A%22Linear%20Programming%22&type=repositories","linguist"
"Linker Script","programming",".ld .lds .x","https://github.com/search?q=language%3A%22Linker%20Script%22&type=repositories","linguist"
"Linux Kernel Module","data",".mod","https://github.com/search?q=language%3A%22Linux%20Kernel%20Module%22&type=repositories","linguist"
"Liquid","markup",".liquid","https://shopify.github.io/liquid/","linguist"
"Liquidsoap","programming",".liq","https://github.com/search?q=language%3A%22Liquidsoap%22&type=repositories","linguist"
"Lisp","curated","","https://en.wikipedia.org/wiki/Lisp_(programming_language)","curated"
"Literate Agda","programming",".lagda","https://github.com/search?q=language%3A%22Literate%20Agda%22&type=repositories","linguist"
"Literate CoffeeScript","programming",".litcoffee .coffee.md","https://github.com/search?q=language%3A%22Literate%20CoffeeScript%22&type=repositories","linguist"
"Literate Haskell","programming",".lhs","https://github.com/search?q=language%3A%22Literate%20Haskell%22&type=repositories","linguist"
"LiveCode Script","programming",".livecodescript","https://github.com/search?q=language%3A%22LiveCode%20Script%22&type=repositories","linguist"
"LiveScript","programming",".ls ._ls","https://livescript.net","linguist"
"LLVM","programming",".ll","https://github.com/search?q=language%3A%22LLVM%22&type=repositories","linguist"
"LLVM TableGen","programming",".td","https://github.com/search?q=language%3A%22LLVM%20TableGen%22&type=repositories","linguist"
"Lobster","programming",".lobster","https://strlen.com/lobster/","linguist"
"Logo","curated","","https://en.wikipedia.org/wiki/Logo_(programming_language)","curated"
"Logos","programming",".xm .x .xi","https://github.com/search?q=language%3A%22Logos%22&type=repositories","linguist"
"LogQL","curated","","https://grafana.com/docs/loki/latest/query/","curated"
"Logtalk","programming",".lgt .logtalk","https://github.com/search?q=language%3A%22Logtalk%22&type=repositories","linguist"
"LOLCODE","programming",".lol","https://en.wikipedia.org/wiki/LOLCODE","linguist"
"LookML","programming",".lkml .lookml","https://github.com/search?q=language%3A%22LookML%22&type=repositories","linguist"
"LoomScript","programming",".ls","https://github.com/search?q=language%3A%22LoomScript%22&type=repositories","linguist"
"LSL","programming",".lsl .lslp","https://github.com/search?q=language%3A%22LSL%22&type=repositories","linguist"
"LTspice Symbol","data",".asy","https://github.com/search?q=language%3A%22LTspice%20Symbol%22&type=repositories","linguist"
"Lua","programming",".lua .fcgi .nse .p8 .pd_lua .rbxs .rockspec .wlua","https://www.lua.org","linguist"
"Lua (Defold / LÖVE)","curated","","https://love2d.org","curated"
"Luau","programming",".luau","https://github.com/search?q=language%3A%22Luau%22&type=repositories","linguist"
"Luau (Roblox)","curated","","https://luau.org","curated"
"M","programming",".mumps .m","https://github.com/search?q=language%3A%22M%22&type=repositories","linguist"
"M3U","data",".m3u .m3u8","https://github.com/search?q=language%3A%22M3U%22&type=repositories","linguist"
"M4","programming",".m4 .mc","https://github.com/search?q=language%3A%22M4%22&type=repositories","linguist"
"M4Sugar","programming",".m4","https://github.com/search?q=language%3A%22M4Sugar%22&type=repositories","linguist"
"Macaulay2","programming",".m2","https://github.com/search?q=language%3A%22Macaulay2%22&type=repositories","linguist"
"Makefile","programming",".mak .d .make .makefile .mk .mkfile","https://www.gnu.org/software/make/manual/","linguist"
"Mako","programming",".mako .mao","https://github.com/search?q=language%3A%22Mako%22&type=repositories","linguist"
"Malbolge","curated","","https://en.wikipedia.org/wiki/Malbolge","curated"
"Maple","curated","","https://www.maplesoft.com/products/maple/","curated"
"Markdown","prose",".md .livemd .markdown .mdown .mdwn .mkd .mkdn .mkdown","https://commonmark.org","linguist"
"Marko","markup",".marko","https://github.com/search?q=language%3A%22Marko%22&type=repositories","linguist"
"Mask","markup",".mask","https://github.com/search?q=language%3A%22Mask%22&type=repositories","linguist"
"Mathematical Programming System","programming",".mps","https://github.com/search?q=language%3A%22Mathematical%20Programming%20System%22&type=repositories","linguist"
"MATLAB","programming",".matlab .m","https://www.mathworks.com/products/matlab.html","linguist"
"Maven POM","data","","https://github.com/search?q=language%3A%22Maven%20POM%22&type=repositories","linguist"
"Max","programming",".maxpat .maxhelp .maxproj .mxt .pat","https://github.com/search?q=language%3A%22Max%22&type=repositories","linguist"
"Maxima","curated","","https://maxima.sourceforge.io","curated"
"MAXScript","programming",".ms .mcr","https://github.com/search?q=language%3A%22MAXScript%22&type=repositories","linguist"
"mcfunction","programming",".mcfunction","https://github.com/search?q=language%3A%22mcfunction%22&type=repositories","linguist"
"mdsvex","markup",".svx","https://github.com/search?q=language%3A%22mdsvex%22&type=repositories","linguist"
"MDX","markup",".mdx","https://mdxjs.com","linguist"
"MDX (OLAP)","curated","","https://en.wikipedia.org/wiki/MultiDimensional_eXpressions","curated"
"Mercury","programming",".m .moo","https://en.wikipedia.org/wiki/Mercury_(programming_language)","linguist"
"Mermaid","markup",".mmd .mermaid","https://mermaid.js.org","linguist"
"Mesa","curated","","https://en.wikipedia.org/wiki/Mesa_(programming_language)","curated"
"Meson","programming","","https://mesonbuild.com","linguist"
"Metal","programming",".metal","https://github.com/search?q=language%3A%22Metal%22&type=repositories","linguist"
"Metal Shading Language","curated","","https://developer.apple.com/metal/","curated"
"MeTTa","programming",".metta","https://github.com/search?q=language%3A%22MeTTa%22&type=repositories","linguist"
"Michelson","curated","","https://tezos.gitlab.io/active/michelson.html","curated"
"MicroPython","curated","","https://micropython.org","curated"
"Microsoft Developer Studio Project","data",".dsp","https://github.com/search?q=language%3A%22Microsoft%20Developer%20Studio%20Project%22&type=repositories","linguist"
"Microsoft Visual Studio Solution","data",".sln","https://github.com/search?q=language%3A%22Microsoft%20Visual%20Studio%20Solution%22&type=repositories","linguist"
"MiniD","programming",".minid","https://github.com/search?q=language%3A%22MiniD%22&type=repositories","linguist"
"MiniScript","programming",".ms","https://github.com/search?q=language%3A%22MiniScript%22&type=repositories","linguist"
"MiniYAML","data",".yaml .yml","https://github.com/search?q=language%3A%22MiniYAML%22&type=repositories","linguist"
"MiniZinc","programming",".mzn","https://github.com/search?q=language%3A%22MiniZinc%22&type=repositories","linguist"
"MiniZinc Data","data",".dzn","https://github.com/search?q=language%3A%22MiniZinc%20Data%22&type=repositories","linguist"
"Mint","programming",".mint","https://github.com/search?q=language%3A%22Mint%22&type=repositories","linguist"
"Mirah","programming",".druby .duby .mirah","https://github.com/search?q=language%3A%22Mirah%22&type=repositories","linguist"
"Miranda","curated","","https://en.wikipedia.org/wiki/Miranda_(programming_language)","curated"
"mIRC Script","programming",".mrc","https://github.com/search?q=language%3A%22mIRC%20Script%22&type=repositories","linguist"
"MLIR","programming",".mlir","https://github.com/search?q=language%3A%22MLIR%22&type=repositories","linguist"
"Modelica","programming",".mo","https://github.com/search?q=language%3A%22Modelica%22&type=repositories","linguist"
"Modula-2","programming",".mod","https://en.wikipedia.org/wiki/Modula-2","linguist"
"Modula-3","programming",".i3 .ig .m3 .mg","https://en.wikipedia.org/wiki/Modula-3","linguist"
"Module Management System","programming",".mms .mmk","https://github.com/search?q=language%3A%22Module%20Management%20System%22&type=repositories","linguist"
"Mojo","programming",".mojo","https://www.modular.com/mojo","linguist"
"MongoDB Query","curated","","https://www.mongodb.com/docs/manual/tutorial/query-documents/","curated"
"Monkey","programming",".monkey .monkey2","https://github.com/search?q=language%3A%22Monkey%22&type=repositories","linguist"
"Monkey C","programming",".mc","https://github.com/search?q=language%3A%22Monkey%20C%22&type=repositories","linguist"
"Moocode","programming",".moo","https://github.com/search?q=language%3A%22Moocode%22&type=repositories","linguist"
"Moonbit","programming",".mbt","https://www.moonbitlang.com","linguist"
"MoonScript","programming",".moon","https://github.com/search?q=language%3A%22MoonScript%22&type=repositories","linguist"
"Motoko","programming",".mo","https://github.com/search?q=language%3A%22Motoko%22&type=repositories","linguist"
"Motorola 68K Assembly","programming",".asm .i .inc .s .x68","https://github.com/search?q=language%3A%22Motorola%2068K%20Assembly%22&type=repositories","linguist"
"Move","programming",".move","https://move-language.github.io/move/","linguist"
"MQL4","programming",".mq4 .mqh","https://github.com/search?q=language%3A%22MQL4%22&type=repositories","linguist"
"MQL5","programming",".mq5 .mqh","https://github.com/search?q=language%3A%22MQL5%22&type=repositories","linguist"
"MTML","markup",".mtml","https://github.com/search?q=language%3A%22MTML%22&type=repositories","linguist"
"MUF","programming",".muf .m","https://github.com/search?q=language%3A%22MUF%22&type=repositories","linguist"
"MUMPS","curated","","https://en.wikipedia.org/wiki/MUMPS","curated"
"mupad","programming",".mu","https://github.com/search?q=language%3A%22mupad%22&type=repositories","linguist"
"Muse","prose",".muse","https://github.com/search?q=language%3A%22Muse%22&type=repositories","linguist"
"Mustache","markup",".mustache","https://mustache.github.io","linguist"
"Myghty","programming",".myt","https://github.com/search?q=language%3A%22Myghty%22&type=repositories","linguist"
"MySQL SQL","curated","","https://dev.mysql.com/doc/","curated"
"nanorc","data",".nanorc","https://github.com/search?q=language%3A%22nanorc%22&type=repositories","linguist"
"Nasal","programming",".nas","https://github.com/search?q=language%3A%22Nasal%22&type=repositories","linguist"
"NASL","programming",".nasl .inc","https://github.com/search?q=language%3A%22NASL%22&type=repositories","linguist"
"NCL","programming",".ncl","https://github.com/search?q=language%3A%22NCL%22&type=repositories","linguist"
"Nearley","programming",".ne .nearley","https://github.com/search?q=language%3A%22Nearley%22&type=repositories","linguist"
"Neko","curated","","https://nekovm.org","curated"
"Nelua","curated","","https://nelua.io","curated"
"Nemerle","programming",".n","https://en.wikipedia.org/wiki/Nemerle","linguist"
"NEON","data",".neon","https://github.com/search?q=language%3A%22NEON%22&type=repositories","linguist"
"nesC","programming",".nc","https://github.com/search?q=language%3A%22nesC%22&type=repositories","linguist"
"NetLinx","programming",".axs .axi","https://github.com/search?q=language%3A%22NetLinx%22&type=repositories","linguist"
"NetLinx+ERB","programming",".axs.erb .axi.erb","https://github.com/search?q=language%3A%22NetLinx%2BERB%22&type=repositories","linguist"
"NetLogo","programming",".nlogo","https://github.com/search?q=language%3A%22NetLogo%22&type=repositories","linguist"
"NewLisp","programming",".nl .lisp .lsp","https://github.com/search?q=language%3A%22NewLisp%22&type=repositories","linguist"
"Nextflow","programming",".nf","https://github.com/search?q=language%3A%22Nextflow%22&type=repositories","linguist"
"Nginx","data",".nginx .nginxconf .vhost","https://github.com/search?q=language%3A%22Nginx%22&type=repositories","linguist"
"Nginx config","curated","","https://nginx.org/en/docs/","curated"
"Nial","curated","","https://en.wikipedia.org/wiki/Nial","curated"
"Nickel","programming",".ncl","https://github.com/search?q=language%3A%22Nickel%22&type=repositories","linguist"
"Nim","programming",".nim .nim.cfg .nimble .nimrod .nims","https://nim-lang.org","linguist"
"Ninja","data",".ninja","https://ninja-build.org","linguist"
"Nit","programming",".nit","https://github.com/search?q=language%3A%22Nit%22&type=repositories","linguist"
"Nix","programming",".nix","https://nixos.org","linguist"
"NL","data",".nl","https://github.com/search?q=language%3A%22NL%22&type=repositories","linguist"
"NMODL","programming",".mod","https://github.com/search?q=language%3A%22NMODL%22&type=repositories","linguist"
"Noir","programming",".nr","https://github.com/search?q=language%3A%22Noir%22&type=repositories","linguist"
"NPM Config","data","","https://github.com/search?q=language%3A%22NPM%20Config%22&type=repositories","linguist"
"NSIS","programming",".nsi .nsh","https://github.com/search?q=language%3A%22NSIS%22&type=repositories","linguist"
"Nu","programming",".nu","https://github.com/search?q=language%3A%22Nu%22&type=repositories","linguist"
"NumPy","programming",".numpy .numpyw .numsc","https://github.com/search?q=language%3A%22NumPy%22&type=repositories","linguist"
"Nunjucks","markup",".njk","https://mozilla.github.io/nunjucks/","linguist"
"Nushell","programming",".nu","https://www.nushell.sh","linguist"
"NWScript","programming",".nss","https://github.com/search?q=language%3A%22NWScript%22&type=repositories","linguist"
"OASv2-json","data",".json","https://github.com/search?q=language%3A%22OASv2-json%22&type=repositories","linguist"
"OASv2-yaml","data",".yaml .yml","https://github.com/search?q=language%3A%22OASv2-yaml%22&type=repositories","linguist"
"OASv3-json","data",".json","https://github.com/search?q=language%3A%22OASv3-json%22&type=repositories","linguist"
"OASv3-yaml","data",".yaml .yml","https://github.com/search?q=language%3A%22OASv3-yaml%22&type=repositories","linguist"
"Oberon","programming",".ob2","https://en.wikipedia.org/wiki/Oberon_(programming_language)","linguist"
"ObjDump","data",".objdump","https://github.com/search?q=language%3A%22ObjDump%22&type=repositories","linguist"
"Object Data Instance Notation","data",".odin","https://github.com/search?q=language%3A%22Object%20Data%20Instance%20Notation%22&type=repositories","linguist"
"Object Pascal","curated","","https://www.freepascal.org","curated"
"Objective-C","programming",".m .h","https://en.wikipedia.org/wiki/Objective-C","linguist"
"Objective-C++","programming",".mm","https://en.wikipedia.org/wiki/Objective-C#Objective-C++","linguist"
"Objective-J","programming",".j .sj","https://github.com/search?q=language%3A%22Objective-J%22&type=repositories","linguist"
"ObjectScript","programming",".cls","https://github.com/search?q=language%3A%22ObjectScript%22&type=repositories","linguist"
"OCaml","programming",".ml .eliom .eliomi .ml4 .mli .mll .mly","https://ocaml.org","linguist"
"occam","curated","","https://en.wikipedia.org/wiki/Occam_(programming_language)","curated"
"Odin","programming",".odin","https://odin-lang.org","linguist"
"Omgrofl","programming",".omgrofl","https://github.com/search?q=language%3A%22Omgrofl%22&type=repositories","linguist"
"OMNeT++ MSG","programming",".msg","https://github.com/search?q=language%3A%22OMNeT%2B%2B%20MSG%22&type=repositories","linguist"
"OMNeT++ NED","programming",".ned","https://github.com/search?q=language%3A%22OMNeT%2B%2B%20NED%22&type=repositories","linguist"
"Onyx","curated","","https://onyxlang.io","curated"
"ooc","programming",".ooc","https://github.com/search?q=language%3A%22ooc%22&type=repositories","linguist"
"Ook!","curated","","https://esolangs.org/wiki/Ook!","curated"
"Opa","programming",".opa","https://github.com/search?q=language%3A%22Opa%22&type=repositories","linguist"
"Opal","programming",".opal","https://github.com/search?q=language%3A%22Opal%22&type=repositories","linguist"
"Open Policy Agent","programming",".rego","https://github.com/search?q=language%3A%22Open%20Policy%20Agent%22&type=repositories","linguist"
"OpenAPI","curated","","https://www.openapis.org","curated"
"OpenAPI Specification v2","data","","https://github.com/search?q=language%3A%22OpenAPI%20Specification%20v2%22&type=repositories","linguist"
"OpenAPI Specification v3","data","","https://github.com/search?q=language%3A%22OpenAPI%20Specification%20v3%22&type=repositories","linguist"
"OpenCL","programming",".cl .opencl","https://www.khronos.org/opencl/","linguist"
"OpenEdge ABL","programming",".p .cls .w","https://github.com/search?q=language%3A%22OpenEdge%20ABL%22&type=repositories","linguist"
"OpenQASM","programming",".qasm","https://github.com/search?q=language%3A%22OpenQASM%22&type=repositories","linguist"
"OpenRC runscript","programming","","https://github.com/search?q=language%3A%22OpenRC%20runscript%22&type=repositories","linguist"
"OpenSCAD","programming",".scad","https://github.com/search?q=language%3A%22OpenSCAD%22&type=repositories","linguist"
"OpenStep Property List","data",".plist .glyphs","https://github.com/search?q=language%3A%22OpenStep%20Property%20List%22&type=repositories","linguist"
"OpenTofu","curated","","https://opentofu.org","curated"
"OpenType Feature File","data",".fea","https://github.com/search?q=language%3A%22OpenType%20Feature%20File%22&type=repositories","linguist"
"Option List","data","","https://github.com/search?q=language%3A%22Option%20List%22&type=repositories","linguist"
"Org","prose",".org","https://github.com/search?q=language%3A%22Org%22&type=repositories","linguist"
"Org-mode","curated","","https://orgmode.org","curated"
"OverpassQL","programming",".overpassql","https://github.com/search?q=language%3A%22OverpassQL%22&type=repositories","linguist"
"OverPy","programming",".opy","https://github.com/search?q=language%3A%22OverPy%22&type=repositories","linguist"
"Ox","programming",".ox .oxh .oxo","https://github.com/search?q=language%3A%22Ox%22&type=repositories","linguist"
"Oxygene","programming",".oxygene","https://www.elementscompiler.com/elements/oxygene/","linguist"
"Oz","programming",".oz","https://github.com/search?q=language%3A%22Oz%22&type=repositories","linguist"
"P4","programming",".p4","https://github.com/search?q=language%3A%22P4%22&type=repositories","linguist"
"p5.js","curated","","https://p5js.org","curated"
"Pact","programming",".pact","https://github.com/search?q=language%3A%22Pact%22&type=repositories","linguist"
"Pan","programming",".pan","https://github.com/search?q=language%3A%22Pan%22&type=repositories","linguist"
"Papyrus","programming",".psc","https://ck.uesp.net/wiki/Category:Papyrus","linguist"
"Parrot","programming",".parrot","https://github.com/search?q=language%3A%22Parrot%22&type=repositories","linguist"
"Parrot Assembly","programming",".pasm","https://github.com/search?q=language%3A%22Parrot%20Assembly%22&type=repositories","linguist"
"Parrot Internal Representation","programming",".pir","https://github.com/search?q=language%3A%22Parrot%20Internal%20Representation%22&type=repositories","linguist"
"Pascal","programming",".pas .dfm .dpr .inc .lpr .pascal .pp","https://en.wikipedia.org/wiki/Pascal_(programming_language)","linguist"
"Pawn","programming",".pwn .inc .sma","https://en.wikipedia.org/wiki/Pawn_(programming_language)","linguist"
"PDDL","programming",".pddl","https://github.com/search?q=language%3A%22PDDL%22&type=repositories","linguist"
"PEG.js","programming",".pegjs .peggy","https://github.com/search?q=language%3A%22PEG.js%22&type=repositories","linguist"
"PeopleCode","curated","","https://en.wikipedia.org/wiki/PeopleCode","curated"
"Pep8","programming",".pep","https://github.com/search?q=language%3A%22Pep8%22&type=repositories","linguist"
"Perl","programming",".pl .al .cgi .fcgi .perl .ph .plx .pm","https://www.perl.org","linguist"
"Perl one-liners","curated","","https://perldoc.perl.org/perlrun","curated"
"Pharo","curated","","https://pharo.org","curated"
"PHP","programming",".php .aw .ctp .fcgi .inc .php3 .php4 .php5","https://www.php.net","linguist"
"Pic","markup",".pic .chem","https://github.com/search?q=language%3A%22Pic%22&type=repositories","linguist"
"Pickle","data",".pkl","https://github.com/search?q=language%3A%22Pickle%22&type=repositories","linguist"
"PICO-8 Lua","curated","","https://www.lexaloffle.com/pico-8.php","curated"
"PicoLisp","programming",".l","https://github.com/search?q=language%3A%22PicoLisp%22&type=repositories","linguist"
"Piet","curated","","https://en.wikipedia.org/wiki/Piet_(programming_language)","curated"
"PigLatin","programming",".pig","https://github.com/search?q=language%3A%22PigLatin%22&type=repositories","linguist"
"Pike","programming",".pike .pmod","https://pike.lysator.liu.se","linguist"
"Pip Requirements","data","","https://github.com/search?q=language%3A%22Pip%20Requirements%22&type=repositories","linguist"
"pkg-config","data",".pc .pc.in","https://github.com/search?q=language%3A%22pkg-config%22&type=repositories","linguist"
"Pkl","programming",".pkl","https://pkl-lang.org","linguist"
"PL/I","curated","","https://en.wikipedia.org/wiki/PL/I","curated"
"PL/pgSQL","curated","","https://www.postgresql.org/docs/current/plpgsql.html","curated"
"PL/SQL","curated","","https://www.oracle.com/database/technologies/appdev/plsql.html","curated"
"PlantUML","data",".puml .iuml .plantuml","https://plantuml.com","linguist"
"PLpgSQL","programming",".pgsql .sql","https://github.com/search?q=language%3A%22PLpgSQL%22&type=repositories","linguist"
"PLSQL","programming",".pls .bdy .ddl .fnc .pck .pkb .pks .plb","https://github.com/search?q=language%3A%22PLSQL%22&type=repositories","linguist"
"Plutus","curated","","https://plutus.cardano.intersectmbo.org","curated"
"Pod","prose",".pod","https://github.com/search?q=language%3A%22Pod%22&type=repositories","linguist"
"Pod 6","prose",".pod .pod6","https://github.com/search?q=language%3A%22Pod%206%22&type=repositories","linguist"
"PogoScript","programming",".pogo","https://github.com/search?q=language%3A%22PogoScript%22&type=repositories","linguist"
"Polar","programming",".polar","https://github.com/search?q=language%3A%22Polar%22&type=repositories","linguist"
"Pony","programming",".pony","https://www.ponylang.io","linguist"
"Portugol","programming",".por","https://github.com/search?q=language%3A%22Portugol%22&type=repositories","linguist"
"POSIX sh","curated","","https://pubs.opengroup.org/onlinepubs/9699919799/utilities/sh.html","curated"
"PostCSS","markup",".pcss .postcss","https://github.com/search?q=language%3A%22PostCSS%22&type=repositories","linguist"
"PostScript","markup",".ps .eps .epsi .pfa","https://en.wikipedia.org/wiki/PostScript","linguist"
"POV-Ray SDL","programming",".pov .inc","https://github.com/search?q=language%3A%22POV-Ray%20SDL%22&type=repositories","linguist"
"Power Query","programming",".pq","https://github.com/search?q=language%3A%22Power%20Query%22&type=repositories","linguist"
"PowerBuilder","programming",".pbt .sra .sru .srw","https://github.com/search?q=language%3A%22PowerBuilder%22&type=repositories","linguist"
"PowerShell","programming",".ps1 .psd1 .psm1","https://learn.microsoft.com/powershell/","linguist"
"Praat","programming",".praat","https://github.com/search?q=language%3A%22Praat%22&type=repositories","linguist"
"Prisma","data",".prisma","https://github.com/search?q=language%3A%22Prisma%22&type=repositories","linguist"
"Pro*C","programming",".pc","https://github.com/search?q=language%3A%22Pro*C%22&type=repositories","linguist"
"Processing","programming",".pde","https://processing.org","linguist"
"Procfile","programming","","https://github.com/search?q=language%3A%22Procfile%22&type=repositories","linguist"
"Progress 4GL","curated","","https://en.wikipedia.org/wiki/OpenEdge_Advanced_Business_Language","curated"
"Proguard","data",".pro","https://github.com/search?q=language%3A%22Proguard%22&type=repositories","linguist"
"Prolog","programming",".pl .plt .pro .prolog .yap","https://www.swi-prolog.org","linguist"
"Promela","programming",".pml","https://github.com/search?q=language%3A%22Promela%22&type=repositories","linguist"
"PromQL","curated","","https://prometheus.io/docs/prometheus/latest/querying/basics/","curated"
"Propeller Spin","programming",".spin","https://github.com/search?q=language%3A%22Propeller%20Spin%22&type=repositories","linguist"
"Protocol Buffer","data",".proto","https://github.com/search?q=language%3A%22Protocol%20Buffer%22&type=repositories","linguist"
"Protocol Buffer Text Format","data",".textproto .pbt .pbtxt .txtpb","https://github.com/search?q=language%3A%22Protocol%20Buffer%20Text%20Format%22&type=repositories","linguist"
"Protocol Buffers","curated","","https://protobuf.dev","curated"
"PRQL","curated","","https://prql-lang.org","curated"
"Public Key","data",".asc .pub","https://github.com/search?q=language%3A%22Public%20Key%22&type=repositories","linguist"
"Pug","markup",".jade .pug","https://pugjs.org","linguist"
"Pulumi","curated","","https://www.pulumi.com","curated"
"Puppet","programming",".pp","https://www.puppet.com","linguist"
"Pure Data","data",".pd","https://github.com/search?q=language%3A%22Pure%20Data%22&type=repositories","linguist"
"PureBasic","programming",".pb .pbi","https://github.com/search?q=language%3A%22PureBasic%22&type=repositories","linguist"
"PureScript","programming",".purs","https://www.purescript.org","linguist"
"Pyret","programming",".arr","https://github.com/search?q=language%3A%22Pyret%22&type=repositories","linguist"
"Python","programming",".py .cgi .fcgi .gyp .gypi .lmi .py3 .pyde","https://www.python.org","linguist"
"Python console","programming","","https://github.com/search?q=language%3A%22Python%20console%22&type=repositories","linguist"
"Python traceback","data",".pytb","https://github.com/search?q=language%3A%22Python%20traceback%22&type=repositories","linguist"
"q","programming",".q","https://github.com/search?q=language%3A%22q%22&type=repositories","linguist"
"q / kdb+","curated","","https://code.kx.com/q/","curated"
"Q#","programming",".qs","https://github.com/search?q=language%3A%22Q%23%22&type=repositories","linguist"
"QBasic","curated","","https://en.wikipedia.org/wiki/QBasic","curated"
"QMake","programming",".pro .pri","https://github.com/search?q=language%3A%22QMake%22&type=repositories","linguist"
"QML","programming",".qml .qbs","https://doc.qt.io/qt-6/qmlapplications.html","linguist"
"Qt Script","programming",".qs","https://github.com/search?q=language%3A%22Qt%20Script%22&type=repositories","linguist"
"Quake","programming","","https://github.com/search?q=language%3A%22Quake%22&type=repositories","linguist"
"QuakeC","programming",".qc","https://github.com/search?q=language%3A%22QuakeC%22&type=repositories","linguist"
"Quartus Simulation IP","data",".sip","https://github.com/search?q=language%3A%22Quartus%20Simulation%20IP%22&type=repositories","linguist"
"QuickBASIC","programming",".bas .bi","https://github.com/search?q=language%3A%22QuickBASIC%22&type=repositories","linguist"
"Quint","programming",".qnt","https://github.com/search?q=language%3A%22Quint%22&type=repositories","linguist"
"R","programming",".r .rd .rhistory .rsx","https://www.r-project.org","linguist"
"Racket","programming",".rkt .rktd .rktl .scrbl","https://racket-lang.org","linguist"
"Ragel","programming",".rl","https://github.com/search?q=language%3A%22Ragel%22&type=repositories","linguist"
"Raku","programming",".6pl .6pm .nqp .p6 .p6l .p6m .pl .pl6","https://raku.org","linguist"
"RAML","markup",".raml","https://github.com/search?q=language%3A%22RAML%22&type=repositories","linguist"
"Rascal","programming",".rsc","https://github.com/search?q=language%3A%22Rascal%22&type=repositories","linguist"
"RAScript","programming",".rascript","https://github.com/search?q=language%3A%22RAScript%22&type=repositories","linguist"
"Raw token data","data",".raw","https://github.com/search?q=language%3A%22Raw%20token%20data%22&type=repositories","linguist"
"Razor","curated","","https://learn.microsoft.com/aspnet/core/mvc/views/razor","curated"
"RBS","data",".rbs","https://github.com/search?q=language%3A%22RBS%22&type=repositories","linguist"
"RDoc","prose",".rdoc","https://github.com/search?q=language%3A%22RDoc%22&type=repositories","linguist"
"React Native","curated","","https://reactnative.dev","curated"
"Readline Config","data","","https://github.com/search?q=language%3A%22Readline%20Config%22&type=repositories","linguist"
"REALbasic","programming",".rbbas .rbfrm .rbmnu .rbres .rbtbar .rbuistate","https://github.com/search?q=language%3A%22REALbasic%22&type=repositories","linguist"
"Reason","programming",".re .rei","https://reasonml.github.io","linguist"
"ReasonLIGO","programming",".religo","https://github.com/search?q=language%3A%22ReasonLIGO%22&type=repositories","linguist"
"Rebol","programming",".reb .r .r2 .r3 .rebol","https://en.wikipedia.org/wiki/Rebol","linguist"
"Record Jar","data","","https://github.com/search?q=language%3A%22Record%20Jar%22&type=repositories","linguist"
"Red","programming",".red .reds","https://www.red-lang.org","linguist"
"Redcode","programming",".cw","https://github.com/search?q=language%3A%22Redcode%22&type=repositories","linguist"
"Redirect Rules","data","","https://github.com/search?q=language%3A%22Redirect%20Rules%22&type=repositories","linguist"
"Redis commands","curated","","https://redis.io/docs/latest/commands/","curated"
"Redscript","programming",".reds","https://github.com/search?q=language%3A%22Redscript%22&type=repositories","linguist"
"Regex","curated","","https://developer.mozilla.org/docs/Web/JavaScript/Guide/Regular_expressions","curated"
"Regular Expression","data",".regexp .regex","https://github.com/search?q=language%3A%22Regular%20Expression%22&type=repositories","linguist"
"Ren'Py","programming",".rpy","https://www.renpy.org","linguist"
"RenderScript","programming",".rs .rsh","https://github.com/search?q=language%3A%22RenderScript%22&type=repositories","linguist"
"ReScript","programming",".res .resi","https://rescript-lang.org","linguist"
"reStructuredText","prose",".rst .rest .rest.txt .rst.txt","https://docutils.sourceforge.io/rst.html","linguist"
"REXX","programming",".rexx .pprx .rex","https://en.wikipedia.org/wiki/Rexx","linguist"
"Rez","programming",".r","https://github.com/search?q=language%3A%22Rez%22&type=repositories","linguist"
"Rhai","programming",".rhai","https://github.com/search?q=language%3A%22Rhai%22&type=repositories","linguist"
"Rich Text Format","markup",".rtf","https://github.com/search?q=language%3A%22Rich%20Text%20Format%22&type=repositories","linguist"
"Ride","curated","","https://docs.waves.tech/en/ride/","curated"
"Ring","programming",".ring","https://ring-lang.github.io","linguist"
"Riot","markup",".riot","https://github.com/search?q=language%3A%22Riot%22&type=repositories","linguist"
"RISC-V Assembly","curated","","https://riscv.org","curated"
"RMarkdown","prose",".qmd .rmd","https://github.com/search?q=language%3A%22RMarkdown%22&type=repositories","linguist"
"RobotFramework","programming",".robot .resource","https://github.com/search?q=language%3A%22RobotFramework%22&type=repositories","linguist"
"Robots Exclusion Rules","data","","https://github.com/search?q=language%3A%22Robots%20Exclusion%20Rules%22&type=repositories","linguist"
"Roc","programming",".roc","https://www.roc-lang.org","linguist"
"Rockstar","curated","","https://codewithrockstar.com","curated"
"Rocq Prover","programming",".v .coq","https://github.com/search?q=language%3A%22Rocq%20Prover%22&type=repositories","linguist"
"Roff","markup",".roff .1 .1in .1m .1x .2 .3 .3in","https://github.com/search?q=language%3A%22Roff%22&type=repositories","linguist"
"Roff Manpage","markup",".1 .1in .1m .1x .2 .3 .3in .3m","https://github.com/search?q=language%3A%22Roff%20Manpage%22&type=repositories","linguist"
"RON","data",".ron","https://github.com/search?q=language%3A%22RON%22&type=repositories","linguist"
"ROS Interface","data",".msg .action .srv","https://github.com/search?q=language%3A%22ROS%20Interface%22&type=repositories","linguist"
"Rouge","programming",".rg","https://github.com/search?q=language%3A%22Rouge%22&type=repositories","linguist"
"RouterOS Script","programming",".rsc","https://github.com/search?q=language%3A%22RouterOS%20Script%22&type=repositories","linguist"
"RPC","programming",".x","https://github.com/search?q=language%3A%22RPC%22&type=repositories","linguist"
"RPG","curated","","https://en.wikipedia.org/wiki/IBM_RPG","curated"
"RPGLE","programming",".rpgle .sqlrpgle","https://github.com/search?q=language%3A%22RPGLE%22&type=repositories","linguist"
"RPM Spec","data",".spec","https://github.com/search?q=language%3A%22RPM%20Spec%22&type=repositories","linguist"
"Ruby","programming",".rb .builder .eye .fcgi .gemspec .god .jbuilder .mspec","https://www.ruby-lang.org","linguist"
"RUNOFF","markup",".rnh .rno","https://github.com/search?q=language%3A%22RUNOFF%22&type=repositories","linguist"
"Rust","programming",".rs .rs.in","https://www.rust-lang.org","linguist"
"Rust (Anchor / Solana)","curated","","https://www.anchor-lang.com","curated"
"Sage","programming",".sage .sagews","https://github.com/search?q=language%3A%22Sage%22&type=repositories","linguist"
"Sail","programming",".sail","https://github.com/search?q=language%3A%22Sail%22&type=repositories","linguist"
"Salt","programming",".sls","https://github.com/search?q=language%3A%22Salt%22&type=repositories","linguist"
"SAS","programming",".sas","https://www.sas.com","linguist"
"Sass","markup",".sass","https://sass-lang.com","linguist"
"Scala","programming",".scala .kojo .sbt .sc","https://www.scala-lang.org","linguist"
"Scaml","markup",".scaml","https://github.com/search?q=language%3A%22Scaml%22&type=repositories","linguist"
"Scenic","programming",".scenic","https://github.com/search?q=language%3A%22Scenic%22&type=repositories","linguist"
"Scheme","programming",".scm .sch .sld .sls .sps .ss","https://www.scheme.org","linguist"
"Scilab","programming",".sci .sce .tst","https://www.scilab.org","linguist"
"Scilla","curated","","https://scilla-lang.org","curated"
"Scratch","curated","","https://scratch.mit.edu","curated"
"SCSS","markup",".scss","https://github.com/search?q=language%3A%22SCSS%22&type=repositories","linguist"
"sed","programming",".sed","https://www.gnu.org/software/sed/manual/","linguist"
"Seed7","curated","","https://seed7.sourceforge.net","curated"
"Self","programming",".self","https://selflanguage.org","linguist"
"SELinux Policy","data",".te","https://github.com/search?q=language%3A%22SELinux%20Policy%22&type=repositories","linguist"
"ShaderLab","programming",".shader","https://github.com/search?q=language%3A%22ShaderLab%22&type=repositories","linguist"
"Shakespeare","curated","","https://en.wikipedia.org/wiki/Shakespeare_Programming_Language","curated"
"Shell","programming",".sh .bash .bats .cgi .command .fcgi .ksh .pacscript","https://github.com/search?q=language%3A%22Shell%22&type=repositories","linguist"
"ShellCheck Config","data","","https://github.com/search?q=language%3A%22ShellCheck%20Config%22&type=repositories","linguist"
"ShellSession","programming",".sh-session","https://github.com/search?q=language%3A%22ShellSession%22&type=repositories","linguist"
"Shen","programming",".shen","https://github.com/search?q=language%3A%22Shen%22&type=repositories","linguist"
"Sieve","programming",".sieve","https://github.com/search?q=language%3A%22Sieve%22&type=repositories","linguist"
"Simple File Verification","data",".sfv","https://github.com/search?q=language%3A%22Simple%20File%20Verification%22&type=repositories","linguist"
"Simplicity","curated","","https://blockstream.com/simplicity.pdf","curated"
"Simula","curated","","https://en.wikipedia.org/wiki/Simula","curated"
"Singularity","programming","","https://github.com/search?q=language%3A%22Singularity%22&type=repositories","linguist"
"SIP","programming",".sip","https://github.com/search?q=language%3A%22SIP%22&type=repositories","linguist"
"Slang","programming",".slang","https://shader-slang.org","linguist"
"Slash","programming",".sl","https://github.com/search?q=language%3A%22Slash%22&type=repositories","linguist"
"Slice","programming",".ice","https://github.com/search?q=language%3A%22Slice%22&type=repositories","linguist"
"Slim","markup",".slim","https://slim-template.github.io","linguist"
"Slint","markup",".slint","https://github.com/search?q=language%3A%22Slint%22&type=repositories","linguist"
"Smali","programming",".smali","https://github.com/search?q=language%3A%22Smali%22&type=repositories","linguist"
"Smalltalk","programming",".st .cs","https://en.wikipedia.org/wiki/Smalltalk","linguist"
"Smarty","programming",".tpl","https://github.com/search?q=language%3A%22Smarty%22&type=repositories","linguist"
"Smithy","programming",".smithy","https://github.com/search?q=language%3A%22Smithy%22&type=repositories","linguist"
"SmPL","programming",".cocci","https://github.com/search?q=language%3A%22SmPL%22&type=repositories","linguist"
"SMT","programming",".smt2 .smt .z3","https://github.com/search?q=language%3A%22SMT%22&type=repositories","linguist"
"Snakemake","programming",".smk .snakefile","https://github.com/search?q=language%3A%22Snakemake%22&type=repositories","linguist"
"Snap!","curated","","https://snap.berkeley.edu","curated"
"SNOBOL","curated","","https://en.wikipedia.org/wiki/SNOBOL","curated"
"Solidity","programming",".sol","https://soliditylang.org","linguist"
"Sonic Pi","curated","","https://sonic-pi.net","curated"
"Soong","data","","https://github.com/search?q=language%3A%22Soong%22&type=repositories","linguist"
"SourcePawn","programming",".sp .inc","https://wiki.alliedmods.net/SourcePawn","linguist"
"SPARK","curated","","https://en.wikipedia.org/wiki/SPARK_(programming_language)","curated"
"SPARQL","data",".sparql .rq","https://www.w3.org/TR/sparql11-query/","linguist"
"SpiceDB Schema","data",".zed","https://github.com/search?q=language%3A%22SpiceDB%20Schema%22&type=repositories","linguist"
"SPIR-V","curated","","https://www.khronos.org/spir/","curated"
"Spline Font Database","data",".sfd","https://github.com/search?q=language%3A%22Spline%20Font%20Database%22&type=repositories","linguist"
"SPSS Syntax","curated","","https://en.wikipedia.org/wiki/SPSS","curated"
"SQF","programming",".sqf .hqf","https://github.com/search?q=language%3A%22SQF%22&type=repositories","linguist"
"SQL","data",".sql .ddl .inc .mysql .prc .tab .udf .viw","https://en.wikipedia.org/wiki/SQL","linguist"
"SQLite SQL","curated","","https://www.sqlite.org/lang.html","curated"
"SQLPL","programming",".sql .db2","https://github.com/search?q=language%3A%22SQLPL%22&type=repositories","linguist"
"Squirrel","programming",".nut","https://github.com/albertodemichelis/squirrel","linguist"
"SRecode Template","markup",".srt","https://github.com/search?q=language%3A%22SRecode%20Template%22&type=repositories","linguist"
"SSH Config","data","","https://github.com/search?q=language%3A%22SSH%20Config%22&type=repositories","linguist"
"Stan","programming",".stan","https://mc-stan.org","linguist"
"Standard ML","programming",".ml .fun .sig .sml","https://en.wikipedia.org/wiki/Standard_ML","linguist"
"STAR","data",".star","https://github.com/search?q=language%3A%22STAR%22&type=repositories","linguist"
"Starlark","programming",".bzl .star","https://github.com/bazelbuild/starlark","linguist"
"Stata","programming",".do .ado .doh .ihlp .mata .matah .sthlp","https://www.stata.com","linguist"
"STL","data",".stl","https://github.com/search?q=language%3A%22STL%22&type=repositories","linguist"
"STON","data",".ston","https://github.com/search?q=language%3A%22STON%22&type=repositories","linguist"
"StringTemplate","markup",".st","https://github.com/search?q=language%3A%22StringTemplate%22&type=repositories","linguist"
"Structured Text (IEC 61131-3)","curated","","https://en.wikipedia.org/wiki/Structured_text","curated"
"Stylus","markup",".styl","https://stylus-lang.com","linguist"
"SubRip Text","data",".srt","https://github.com/search?q=language%3A%22SubRip%20Text%22&type=repositories","linguist"
"SugarSS","markup",".sss","https://github.com/search?q=language%3A%22SugarSS%22&type=repositories","linguist"
"SuperCollider","programming",".sc .scd","https://github.com/search?q=language%3A%22SuperCollider%22&type=repositories","linguist"
"SurrealQL","programming",".surql","https://github.com/search?q=language%3A%22SurrealQL%22&type=repositories","linguist"
"Survex data","data",".svx","https://github.com/search?q=language%3A%22Survex%20data%22&type=repositories","linguist"
"Svelte","markup",".svelte","https://svelte.dev","linguist"
"SVG","data",".svg","https://developer.mozilla.org/docs/Web/SVG","linguist"
"Sway","programming",".sw","https://fuellabs.github.io/sway/","linguist"
"Sweave","prose",".rnw","https://github.com/search?q=language%3A%22Sweave%22&type=repositories","linguist"
"Swift","programming",".swift","https://www.swift.org","linguist"
"SWIG","programming",".i .swg .swig","https://github.com/search?q=language%3A%22SWIG%22&type=repositories","linguist"
"SystemVerilog","programming",".sv .svh .vh","https://en.wikipedia.org/wiki/SystemVerilog","linguist"
"T-SQL","curated","","https://learn.microsoft.com/sql/t-sql/language-reference","curated"
"Tact","programming",".tact","https://github.com/search?q=language%3A%22Tact%22&type=repositories","linguist"
"Talon","programming",".talon","https://github.com/search?q=language%3A%22Talon%22&type=repositories","linguist"
"Tape","programming",".tape","https://github.com/search?q=language%3A%22Tape%22&type=repositories","linguist"
"Tauri (Rust)","curated","","https://tauri.app","curated"
"Tcl","programming",".tcl .adp .sdc .tcl.in .tm .xdc","https://www.tcl-lang.org","linguist"
"Tcl/Tk","curated","","https://www.tcl-lang.org","curated"
"Tcsh","programming",".tcsh .csh","https://github.com/search?q=language%3A%22Tcsh%22&type=repositories","linguist"
"Tea","markup",".tea","https://github.com/search?q=language%3A%22Tea%22&type=repositories","linguist"
"Teal","programming",".tl","https://github.com/search?q=language%3A%22Teal%22&type=repositories","linguist"
"templ","markup",".templ","https://github.com/search?q=language%3A%22templ%22&type=repositories","linguist"
"Tera","curated","","https://keats.github.io/tera/","curated"
"Terra","programming",".t","https://terralang.org","linguist"
"Terraform Template","markup",".tftpl","https://github.com/search?q=language%3A%22Terraform%20Template%22&type=repositories","linguist"
"TeX","markup",".tex .aux .bbx .cbx .cls .dtx .ins .lbx","https://github.com/search?q=language%3A%22TeX%22&type=repositories","linguist"
"Texinfo","prose",".texinfo .texi .txi","https://github.com/search?q=language%3A%22Texinfo%22&type=repositories","linguist"
"Text","prose",".txt .fr .nb .ncl .no","https://github.com/search?q=language%3A%22Text%22&type=repositories","linguist"
"TextGrid","data",".TextGrid","https://github.com/search?q=language%3A%22TextGrid%22&type=repositories","linguist"
"Textile","prose",".textile","https://en.wikipedia.org/wiki/Textile_(markup_language)","linguist"
"TextMate Properties","data","","https://github.com/search?q=language%3A%22TextMate%20Properties%22&type=repositories","linguist"
"Thrift","programming",".thrift","https://github.com/search?q=language%3A%22Thrift%22&type=repositories","linguist"
"Thymeleaf","curated","","https://www.thymeleaf.org","curated"
"TI Program","programming",".8xp .8xp.txt","https://github.com/search?q=language%3A%22TI%20Program%22&type=repositories","linguist"
"TinyGo","curated","","https://tinygo.org","curated"
"TL-Verilog","programming",".tlv","https://github.com/search?q=language%3A%22TL-Verilog%22&type=repositories","linguist"
"TLA","programming",".tla","https://github.com/search?q=language%3A%22TLA%22&type=repositories","linguist"
"TMDL","data",".tmdl","https://github.com/search?q=language%3A%22TMDL%22&type=repositories","linguist"
"Toit","programming",".toit","https://github.com/search?q=language%3A%22Toit%22&type=repositories","linguist"
"Tolk","programming",".tolk","https://github.com/search?q=language%3A%22Tolk%22&type=repositories","linguist"
"TOML","data",".toml .toml.example","https://toml.io","linguist"
"Tor Config","data","","https://github.com/search?q=language%3A%22Tor%20Config%22&type=repositories","linguist"
"Tree-sitter Query","programming",".scm","https://github.com/search?q=language%3A%22Tree-sitter%20Query%22&type=repositories","linguist"
"TSPLIB data","data",".tsp","https://github.com/search?q=language%3A%22TSPLIB%20data%22&type=repositories","linguist"
"TSQL","programming",".sql","https://github.com/search?q=language%3A%22TSQL%22&type=repositories","linguist"
"TSV","data",".tsv .vcf","https://github.com/search?q=language%3A%22TSV%22&type=repositories","linguist"
"TSX","programming",".tsx","https://github.com/search?q=language%3A%22TSX%22&type=repositories","linguist"
"Turbo Pascal","curated","","https://en.wikipedia.org/wiki/Turbo_Pascal","curated"
"Turing","programming",".t .tu","https://github.com/search?q=language%3A%22Turing%22&type=repositories","linguist"
"Turtle","data",".ttl","https://github.com/search?q=language%3A%22Turtle%22&type=repositories","linguist"
"Twig","markup",".twig","https://twig.symfony.com","linguist"
"Twine / Harlowe","curated","","https://twinery.org","curated"
"TXL","programming",".txl","https://github.com/search?q=language%3A%22TXL%22&type=repositories","linguist"
"Type Language","data",".tl","https://github.com/search?q=language%3A%22Type%20Language%22&type=repositories","linguist"
"TypeScript","programming",".ts .cts .mts","https://www.typescriptlang.org","linguist"
"TypeSpec","programming",".tsp","https://github.com/search?q=language%3A%22TypeSpec%22&type=repositories","linguist"
"Typst","programming",".typ","https://typst.app","linguist"
"ucode","programming",".uc","https://github.com/search?q=language%3A%22ucode%22&type=repositories","linguist"
"Umka","curated","","https://github.com/vtereshkov/umka-lang","curated"
"Unified Parallel C","programming",".upc","https://github.com/search?q=language%3A%22Unified%20Parallel%20C%22&type=repositories","linguist"
"Unison","curated","","https://www.unison-lang.org","curated"
"Unity3D Asset","data",".anim .asset .mask .mat .meta .prefab .unity","https://github.com/search?q=language%3A%22Unity3D%20Asset%22&type=repositories","linguist"
"Unix Assembly","programming",".s .ms","https://github.com/search?q=language%3A%22Unix%20Assembly%22&type=repositories","linguist"
"Unlambda","curated","","https://en.wikipedia.org/wiki/Unlambda","curated"
"Uno","programming",".uno","https://github.com/search?q=language%3A%22Uno%22&type=repositories","linguist"
"UnrealScript","programming",".uc","https://en.wikipedia.org/wiki/UnrealScript","linguist"
"Untyped Plutus Core","programming",".uplc","https://github.com/search?q=language%3A%22Untyped%20Plutus%20Core%22&type=repositories","linguist"
"UrWeb","programming",".ur .urs","https://github.com/search?q=language%3A%22UrWeb%22&type=repositories","linguist"
"V","programming",".v","https://vlang.io","linguist"
"Vala","programming",".vala .vapi","https://vala.dev","linguist"
"Vale","curated","","https://vale.dev","curated"
"Valve Data Format","data",".vdf .vmf","https://github.com/search?q=language%3A%22Valve%20Data%20Format%22&type=repositories","linguist"
"VBA","programming",".bas .cls .frm .vba","https://learn.microsoft.com/office/vba/api/overview/","linguist"
"VBScript","programming",".vbs","https://en.wikipedia.org/wiki/VBScript","linguist"
"vCard","data",".vcf","https://github.com/search?q=language%3A%22vCard%22&type=repositories","linguist"
"VCL","programming",".vcl","https://github.com/search?q=language%3A%22VCL%22&type=repositories","linguist"
"Velato","curated","","https://esolangs.org/wiki/Velato","curated"
"Velocity Template Language","markup",".vtl","https://github.com/search?q=language%3A%22Velocity%20Template%20Language%22&type=repositories","linguist"
"Vento","markup",".vto","https://github.com/search?q=language%3A%22Vento%22&type=repositories","linguist"
"Verilog","programming",".v .veo","https://en.wikipedia.org/wiki/Verilog","linguist"
"Verse","programming",".verse","https://dev.epicgames.com/documentation/uefn/verse-language-reference","linguist"
"Vespa Schema Definition","data",".sd","https://github.com/search?q=language%3A%22Vespa%20Schema%20Definition%22&type=repositories","linguist"
"VHDL","programming",".vhdl .vhd .vhf .vhi .vho .vhs .vht .vhw","https://en.wikipedia.org/wiki/VHDL","linguist"
"Vim Help File","prose",".txt","https://github.com/search?q=language%3A%22Vim%20Help%20File%22&type=repositories","linguist"
"Vim script","programming",".vim .vba .vimrc .vmb","https://vimhelp.org/usr_41.txt.html","linguist"
"Vim Snippet","markup",".snip .snippet .snippets","https://github.com/search?q=language%3A%22Vim%20Snippet%22&type=repositories","linguist"
"Visual Basic .NET","programming",".vb .vbhtml","https://learn.microsoft.com/dotnet/visual-basic/","linguist"
"Visual Basic 6","curated","","https://en.wikipedia.org/wiki/Visual_Basic_(classic)","curated"
"Visual Basic 6.0","programming",".bas .cls .ctl .Dsr .frm","https://github.com/search?q=language%3A%22Visual%20Basic%206.0%22&type=repositories","linguist"
"Volt","programming",".volt","https://github.com/search?q=language%3A%22Volt%22&type=repositories","linguist"
"Vue","markup",".vue","https://github.com/search?q=language%3A%22Vue%22&type=repositories","linguist"
"Vue SFC","curated","","https://vuejs.org/guide/scaling-up/sfc.html","curated"
"Vyper","programming",".vy","https://vyperlang.org","linguist"
"Wavefront Material","data",".mtl","https://github.com/search?q=language%3A%22Wavefront%20Material%22&type=repositories","linguist"
"Wavefront Object","data",".obj","https://github.com/search?q=language%3A%22Wavefront%20Object%22&type=repositories","linguist"
"WDL","programming",".wdl","https://github.com/search?q=language%3A%22WDL%22&type=repositories","linguist"
"Web Ontology Language","data",".owl","https://github.com/search?q=language%3A%22Web%20Ontology%20Language%22&type=repositories","linguist"
"WebAssembly","programming",".wast .wat","https://webassembly.org","linguist"
"WebAssembly Interface Type","data",".wit","https://github.com/search?q=language%3A%22WebAssembly%20Interface%20Type%22&type=repositories","linguist"
"WebAssembly Text","curated","","https://webassembly.github.io/spec/core/text/index.html","curated"
"WebIDL","programming",".webidl","https://github.com/search?q=language%3A%22WebIDL%22&type=repositories","linguist"
"WebVTT","data",".vtt","https://github.com/search?q=language%3A%22WebVTT%22&type=repositories","linguist"
"Wget Config","data","","https://github.com/search?q=language%3A%22Wget%20Config%22&type=repositories","linguist"
"WGSL","programming",".wgsl","https://www.w3.org/TR/WGSL/","linguist"
"Whiley","programming",".whiley","https://whiley.org","linguist"
"Whitespace","curated","","https://en.wikipedia.org/wiki/Whitespace_(programming_language)","curated"
"Wikitext","prose",".mediawiki .wiki .wikitext","https://github.com/search?q=language%3A%22Wikitext%22&type=repositories","linguist"
"Win32 Message File","data",".mc","https://github.com/search?q=language%3A%22Win32%20Message%20File%22&type=repositories","linguist"
"Windows Registry Entries","data",".reg","https://github.com/search?q=language%3A%22Windows%20Registry%20Entries%22&type=repositories","linguist"
"wisp","programming",".wisp","https://github.com/search?q=language%3A%22wisp%22&type=repositories","linguist"
"Witcher Script","programming",".ws","https://github.com/search?q=language%3A%22Witcher%20Script%22&type=repositories","linguist"
"Wolfram Alpha syntax","curated","","https://www.wolframalpha.com","curated"
"Wolfram Language","programming",".mathematica .cdf .m .ma .mt .nb .nbp .wl","https://www.wolfram.com/language/","linguist"
"Wollok","programming",".wlk","https://github.com/search?q=language%3A%22Wollok%22&type=repositories","linguist"
"World of Warcraft Addon Data","data",".toc","https://github.com/search?q=language%3A%22World%20of%20Warcraft%20Addon%20Data%22&type=repositories","linguist"
"Wren","programming",".wren","https://wren.io","linguist"
"X BitMap","data",".xbm","https://github.com/search?q=language%3A%22X%20BitMap%22&type=repositories","linguist"
"X Font Directory Index","data","","https://github.com/search?q=language%3A%22X%20Font%20Directory%20Index%22&type=repositories","linguist"
"X PixMap","data",".xpm .pm","https://github.com/search?q=language%3A%22X%20PixMap%22&type=repositories","linguist"
"X++","curated","","https://learn.microsoft.com/dynamics365/fin-ops-core/dev-itpro/dev-ref/xpp-language-reference","curated"
"X10","programming",".x10","https://github.com/search?q=language%3A%22X10%22&type=repositories","linguist"
"xBase","programming",".prg .ch .prw","https://github.com/search?q=language%3A%22xBase%22&type=repositories","linguist"
"XC","programming",".xc","https://github.com/search?q=language%3A%22XC%22&type=repositories","linguist"
"XCompose","data","","https://github.com/search?q=language%3A%22XCompose%22&type=repositories","linguist"
"Xmake","programming","","https://github.com/search?q=language%3A%22Xmake%22&type=repositories","linguist"
"XML","data",".xml .adml .admx .ant .axaml .axml .builds .ccproj","https://www.w3.org/XML/","linguist"
"XML Property List","data",".plist .stTheme .tmCommand .tmLanguage .tmPreferences .tmSnippet .tmTheme","https://github.com/search?q=language%3A%22XML%20Property%20List%22&type=repositories","linguist"
"Xojo","programming",".xojo_code .xojo_menu .xojo_report .xojo_script .xojo_toolbar .xojo_window","https://github.com/search?q=language%3A%22Xojo%22&type=repositories","linguist"
"Xonsh","programming",".xsh","https://xon.sh","linguist"
"XPages","data",".xsp-config .xsp.metadata","https://github.com/search?q=language%3A%22XPages%22&type=repositories","linguist"
"XPath / XQuery","curated","","https://www.w3.org/TR/xpath-31/","curated"
"XProc","programming",".xpl .xproc","https://github.com/search?q=language%3A%22XProc%22&type=repositories","linguist"
"XQuery","programming",".xquery .xq .xql .xqm .xqy","https://github.com/search?q=language%3A%22XQuery%22&type=repositories","linguist"
"XS","programming",".xs","https://github.com/search?q=language%3A%22XS%22&type=repositories","linguist"
"XSLT","programming",".xslt .xsl","https://www.w3.org/TR/xslt-30/","linguist"
"Xtend","programming",".xtend","https://eclipse.dev/Xtext/xtend/","linguist"
"Yacc","programming",".y .yacc .yy","https://github.com/search?q=language%3A%22Yacc%22&type=repositories","linguist"
"YAML","data",".yml .mir .reek .rviz .sublime-syntax .syntax .yaml .yaml-tmlanguage","https://yaml.org","linguist"
"YANG","data",".yang","https://github.com/search?q=language%3A%22YANG%22&type=repositories","linguist"
"YARA","programming",".yar .yara","https://github.com/search?q=language%3A%22YARA%22&type=repositories","linguist"
"Yarn Spinner","curated","","https://www.yarnspinner.dev","curated"
"YASnippet","markup",".yasnippet","https://github.com/search?q=language%3A%22YASnippet%22&type=repositories","linguist"
"Yul","programming",".yul","https://docs.soliditylang.org/en/latest/yul.html","linguist"
"ZAP","programming",".zap .xzap","https://github.com/search?q=language%3A%22ZAP%22&type=repositories","linguist"
"Zeek","programming",".zeek .bro","https://github.com/search?q=language%3A%22Zeek%22&type=repositories","linguist"
"ZenScript","programming",".zs","https://github.com/search?q=language%3A%22ZenScript%22&type=repositories","linguist"
"Zephir","programming",".zep","https://github.com/search?q=language%3A%22Zephir%22&type=repositories","linguist"
"Zig","programming",".zig .zig.zon","https://ziglang.org","linguist"
"ZIL","programming",".zil .mud","https://github.com/search?q=language%3A%22ZIL%22&type=repositories","linguist"
"Zimpl","programming",".zimpl .zmpl .zpl","https://github.com/search?q=language%3A%22Zimpl%22&type=repositories","linguist"
"Zmodel","data",".zmodel","https://github.com/search?q=language%3A%22Zmodel%22&type=repositories","linguist"
"ZScript","curated","","https://zdoom.org/wiki/ZScript","curated"
"Zsh","curated","","https://www.zsh.org","curated"
